id  , node_mac           , timestamp , received_at                 , air_quality_ppm, temperature, humidity, noise_db, mq135_raw, sound_raw, hop_count, seq_num, rssi, recv_rssi, battery_pct, peer_count, node_state
(1  , '28:05:A5:32:43:64', 1773928294, '2026-03-19T13:51:56.997066',           47.24, 31.5       , 49.2    ,     52.5,       177,      1653,         1,     233, -49 , -52      ,         100,          2, 1)
(2  , '28:05:A5:32:43:64', 1773928304, '2026-03-19T13:51:57.033161',           46.74, 31.5       , 49.2    ,     52.5,       176,      1651,         1,     234, -53 , -54      ,         100,          2, 1)
(3  , '1C:C3:AB:B3:7F:08', 1773928307, '2026-03-19T13:52:01.466918',            6.1 , 32.2       , 50.9    ,     51.1,         0,      1406,         1,     243, -57 , -56      ,         100,          2, 1)
(4  , '1C:C3:AB:B3:7F:08', 1773928296, '2026-03-19T13:52:01.504304',            6.1 , 32.2       , 50.9    ,     51.1,         0,      1403,         1,     242, -66 , -67      ,         100,          2, 1)
(5  , '28:05:A5:32:43:64', 1773928314, '2026-03-19T13:52:01.535835',           46.74, 31.5       , 49.1    ,     52.5,       176,      1655,         1,     235, -59 , -55      ,         100,          2, 1)
(6  , '1C:C3:AB:B3:7F:08', 1773928317, '2026-03-19T13:52:01.572013',            6.1 , 32.2       , 50.8    ,     51.1,         0,      1406,         1,     244, -61 , -60      ,         100,          2, 1)
(7  , '28:05:A5:32:43:64', 1773928324, '2026-03-19T13:52:07.222988',           46.24, 31.6       , 49.1    ,     52.5,       175,      1650,         1,     236, -52 , -52      ,         100,          2, 1)
(8  , '1C:C3:AB:B3:7F:08', 1773928327, '2026-03-19T13:52:12.751905',            6.1 , 32.2       , 50.8    ,     51.1,         0,      1408,         1,     245, -56 , -58      ,         100,          2, 1)
(9  , '1C:C3:AB:B3:7F:08', 1773928327, '2026-03-19T13:52:18.077450',            6.1 , 32.2       , 50.8    ,     51.1,         0,      1408,         1,     245, -56 , -58      ,         100,          2, 1)
(10 , '28:05:A5:32:43:64', 1773928334, '2026-03-19T13:52:18.207510',           45.74, 31.6       , 49.1    ,     52.5,       174,      1655,         1,     237, -55 , -52      ,         100,          2, 1)
(11 , '1C:C3:AB:B3:7F:08', 1773928337, '2026-03-19T13:52:18.241294',            6.1 , 32.3       , 50.7    ,     51.1,         0,      1409,         1,     246, -61 , -60      ,         100,          2, 1)
(12 , '28:05:A5:32:43:64', 1773928344, '2026-03-19T13:52:25.142609',           45.25, 31.6       , 49.1    ,     52.5,       173,      1647,         1,     238, -55 , -55      ,         100,          2, 1)
(13 , '1C:C3:AB:B3:7F:08', 1773928347, '2026-03-19T13:52:27.908904',            6.1 , 32.3       , 50.7    ,     51.1,         0,      1410,         1,     247, -61 , -64      ,         100,          2, 1)
(14 , '28:05:A5:32:43:64', 1773928354, '2026-03-19T13:52:34.500333',           45.25, 31.6       , 49.1    ,     52.5,       172,      1652,         1,     239, -55 , -53      ,         100,          2, 1)
(15 , '1C:C3:AB:B3:7F:08', 1773928357, '2026-03-19T13:52:37.944003',            6.1 , 32.3       , 50.7    ,     51.1,         0,      1412,         1,     248, -66 , -67      ,         100,          2, 1)
(16 , '28:05:A5:32:43:64', 1773928364, '2026-03-19T13:52:45.114972',           44.28, 31.6       , 49.1    ,     52.5,       170,      1647,         1,     240, -52 , -52      ,         100,          2, 1)
(17 , '1C:C3:AB:B3:7F:08', 1773928367, '2026-03-19T13:52:59.448961',            6.1 , 32.3       , 50.7    ,     51.2,         0,      1415,         1,     249, -60 , -62      ,         100,          2, 1)
(18 , '28:05:A5:32:43:64', 1773928374, '2026-03-19T13:52:59.579421',           44.28, 31.6       , 49.0    ,     52.5,       170,      1643,         1,     241, -52 , -51      ,         100,          2, 1)
(19 , '1C:C3:AB:B3:7F:08', 1773928377, '2026-03-19T13:52:59.624472',            6.1 , 32.3       , 50.7    ,     51.2,         0,      1418,         1,     250, -61 , -65      ,         100,          2, 1)
(20 , '28:05:A5:32:43:64', 1773928384, '2026-03-19T13:53:05.295640',           43.33, 31.7       , 49.0    ,     52.4,       168,      1637,         1,     242, -51 , -52      ,         100,          2, 1)
(21 , '1C:C3:AB:B3:7F:08', 1773928387, '2026-03-19T13:53:13.065998',            6.1 , 32.3       , 50.7    ,     51.2,         0,      1419,         1,     251, -68 , -72      ,         100,          2, 1)
(22 , '1C:C3:AB:B3:7F:08', 1773928387, '2026-03-19T13:53:18.493667',            6.1 , 32.3       , 50.7    ,     51.2,         0,      1419,         1,     251, -68 , -72      ,         100,          2, 1)
(23 , '28:05:A5:32:43:64', 1773928394, '2026-03-19T13:53:18.616716',           43.33, 31.7       , 49.0    ,     52.5,       168,      1645,         1,     243, -51 , -54      ,         100,          2, 1)
(24 , '1C:C3:AB:B3:7F:08', 1773928397, '2026-03-19T13:53:18.652484',            6.1 , 32.3       , 50.7    ,     51.2,         0,      1421,         1,     252, -64 , -61      ,         100,          2, 1)
(25 , '28:05:A5:32:43:64', 1773928404, '2026-03-19T13:53:24.855418',           42.38, 31.7       , 49.0    ,     52.5,       165,      1642,         1,     244, -53 , -53      ,         100,          2, 1)
(26 , '1C:C3:AB:B3:7F:08', 1773928407, '2026-03-19T13:53:30.489729',            6.1 , 32.3       , 50.7    ,     51.2,         0,      1420,         1,     253, -71 , -71      ,         100,          2, 1)
(27 , '28:05:A5:32:43:64', 1773928414, '2026-03-19T13:53:58.020620',           42.38, 31.7       , 48.9    ,     52.4,       165,      1637,         1,     245, -54 , -53      ,         100,          2, 1)
(28 , '28:05:A5:32:43:64', 1773928424, '2026-03-19T13:53:58.242098',           41.46, 31.7       , 48.9    ,     52.4,       163,      1631,         1,     246, -53 , -53      ,         100,          2, 1)
(29 , '1C:C3:AB:B3:7F:08', 1773928427, '2026-03-19T13:53:58.279529',            6.1 , 32.3       , 50.7    ,     51.2,         0,      1423,         1,     255, -77 , -74      ,         100,          2, 1)
(30 , '1C:C3:AB:B3:7F:08', 1773928417, '2026-03-19T13:53:58.310834',            6.1 , 32.3       , 50.7    ,     51.2,         0,      1422,         1,     254, -71 , -77      ,         100,          2, 1)
(31 , '28:05:A5:32:43:64', 1773928434, '2026-03-19T13:53:58.342099',           41.46, 31.6       , 48.8    ,     52.4,       162,      1631,         1,     247, -54 , -53      ,         100,          2, 1)
(32 , '1C:C3:AB:B3:7F:08', 1773928437, '2026-03-19T13:53:58.381198',            6.1 , 32.3       , 50.7    ,     51.2,         0,      1424,         1,     256, -72 , -69      ,         100,          2, 1)
(33 , '28:05:A5:32:43:64', 1773928444, '2026-03-19T13:54:09.505951',           41.46, 31.6       , 48.9    ,     52.4,       162,      1633,         1,     248, -54 , -54      ,         100,          2, 1)
(34 , '1C:C3:AB:B3:7F:08', 1773928447, '2026-03-19T13:54:09.543791',            6.1 , 32.3       , 50.7    ,     51.2,         0,      1424,         1,     257, -75 , -79      ,         100,          2, 1)
(35 , '28:05:A5:32:43:64', 1773928455, '2026-03-19T13:54:15.633406',           41.46, 31.6       , 48.9    ,     52.4,       162,      1629,         1,     249, -54 , -54      ,         100,          2, 1)
(36 , '1C:C3:AB:B3:7F:08', 1773928458, '2026-03-19T13:54:18.705539',            6.1 , 32.3       , 50.7    ,     51.2,         0,      1424,         1,     258, -75 , -84      ,         100,          2, 1)
(37 , '1C:C3:AB:B3:7F:08', 1773928468, '2026-03-19T13:54:36.536444',            6.1 , 32.3       , 50.7    ,     51.2,         0,      1424,         1,     259, -75 , -80      ,         100,          2, 1)
(38 , '28:05:A5:32:43:64', 1773928465, '2026-03-19T13:54:36.588444',           41.0 , 31.6       , 49.0    ,     52.4,       161,      1627,         1,     250, -53 , -54      ,         100,          2, 1)
(39 , '28:05:A5:32:43:64', 1773928475, '2026-03-19T13:54:36.625240',           40.54, 31.6       , 49.0    ,     52.4,       160,      1626,         1,     251, -53 , -54      ,         100,          2, 1)
(40 , '28:05:A5:32:43:64', 1773928495, '2026-03-19T13:55:26.204736',           39.65, 31.7       , 49.1    ,     52.3,       158,      1619,         1,     253, -52 , -54      ,         100,          2, 1)
(41 , '1C:C3:AB:B3:7F:08', 1773928498, '2026-03-19T13:55:26.238521',            6.1 , 32.4       , 50.7    ,     51.2,         0,      1430,         1,     262, -76 , -80      ,         100,          2, 1)
(42 , '28:05:A5:32:43:64', 1773928485, '2026-03-19T13:55:26.275821',           40.09, 31.7       , 49.1    ,     52.3,       159,      1621,         1,     252, -54 , -54      ,         100,          2, 1)
(43 , '28:05:A5:32:43:64', 1773928505, '2026-03-19T13:55:26.310709',           39.65, 31.7       , 49.1    ,     52.3,       157,      1618,         1,     254, -53 , -54      ,         100,          2, 1)
(44 , '1C:C3:AB:B3:7F:08', 1773928508, '2026-03-19T13:55:26.340749',            6.1 , 32.4       , 50.7    ,     51.2,         0,      1429,         1,     263, -75 , -78      ,         100,          2, 1)
(45 , '1C:C3:AB:B3:7F:08', 1773928488, '2026-03-19T13:55:26.376794',            6.1 , 32.4       , 50.7    ,     51.2,         0,      1425,         1,     261, -75 , -78      ,         100,          2, 1)
(46 , '28:05:A5:32:43:64', 1773928515, '2026-03-19T13:55:26.412384',           39.2 , 31.7       , 49.1    ,     52.3,       156,      1617,         1,     255, -54 , -54      ,         100,          2, 1)
(47 , '1C:C3:AB:B3:7F:08', 1773928518, '2026-03-19T13:55:26.446657',            6.1 , 32.4       , 50.7    ,     51.2,         0,      1430,         1,     264, -76 , -81      ,         100,          2, 1)
(48 , '28:05:A5:32:43:64', 1773928525, '2026-03-19T13:55:26.478689',           39.2 , 31.7       , 49.1    ,     52.3,       156,      1615,         1,     256, -53 , -52      ,         100,          2, 1)
(49 , '1C:C3:AB:B3:7F:08', 1773928478, '2026-03-19T13:55:29.053866',            6.1 , 32.4       , 50.7    ,     51.2,         0,      1425,         1,     260, -76 , -81      ,         100,          2, 1)
(50 , '1C:C3:AB:B3:7F:08', 1773928528, '2026-03-19T13:55:30.283859',            6.1 , 32.4       , 50.7    ,     51.3,         0,      1433,         1,     265, -75 , -80      ,         100,          2, 1)
(51 , '28:05:A5:32:43:64', 1773928545, '2026-03-19T13:56:08.514971',           38.32, 31.7       , 49.1    ,     52.3,       154,      1616,         1,     258, -52 , -52      ,         100,          2, 1)
(52 , '1C:C3:AB:B3:7F:08', 1773928548, '2026-03-19T13:56:08.548017',            6.1 , 32.4       , 50.7    ,     51.3,         0,      1437,         1,     267, -76 , -77      ,         100,          2, 1)
(53 , '1C:C3:AB:B3:7F:08', 1773928538, '2026-03-19T13:56:08.581370',            6.1 , 32.4       , 50.7    ,     51.3,         0,      1434,         1,     266, -75 , -82      ,         100,          2, 1)
(54 , '28:05:A5:32:43:64', 1773928555, '2026-03-19T13:56:08.615645',           37.89, 31.7       , 49.1    ,     52.3,       152,      1615,         1,     259, -53 , -53      ,         100,          2, 1)
(55 , '1C:C3:AB:B3:7F:08', 1773928558, '2026-03-19T13:56:08.653542',            6.1 , 32.4       , 50.6    ,     51.3,         0,      1437,         1,     268, -77 , -80      ,         100,          2, 1)
(56 , '28:05:A5:32:43:64', 1773928535, '2026-03-19T13:56:08.693613',           38.76, 31.7       , 49.1    ,     52.3,       155,      1617,         1,     257, -53 , -52      ,         100,          2, 1)
(57 , '28:05:A5:32:43:64', 1773928565, '2026-03-19T13:56:08.730304',           37.46, 31.7       , 49.1    ,     52.3,       151,      1606,         1,     260, -52 , -54      ,         100,          2, 1)
(58 , '1C:C3:AB:B3:7F:08', 1773928568, '2026-03-19T13:56:08.837269',            6.1 , 32.5       , 50.5    ,     51.3,         0,      1438,         1,     269, -75 , -76      ,         100,          2, 1)
(59 , '28:05:A5:32:43:64', 1773928575, '2026-03-19T13:56:16.466185',           36.19, 31.7       , 49.1    ,     52.2,       148,      1602,         1,     261, -51 , -55      ,         100,          2, 1)
(60 , '1C:C3:AB:B3:7F:08', 1773928578, '2026-03-19T13:56:18.949397',            6.1 , 32.5       , 50.5    ,     51.3,         0,      1438,         1,     270, -64 , -64      ,         100,          2, 1)
(61 , '28:05:A5:32:43:64', 1773928585, '2026-03-19T13:56:26.607555',           36.19, 31.8       , 49.0    ,     52.2,       147,      1603,         1,     262, -53 , -54      ,         100,          2, 1)
(62 , '1C:C3:AB:B3:7F:08', 1773928588, '2026-03-19T13:56:29.573469',            6.1 , 32.5       , 50.5    ,     51.3,         0,      1440,         1,     271, -80 , -84      ,         100,          2, 1)
(63 , '28:05:A5:32:43:64', 1773928595, '2026-03-19T13:56:36.700664',           35.77, 31.8       , 48.9    ,     52.2,       146,      1598,         1,     263, -53 , -53      ,         100,          2, 1)
(64 , '1C:C3:AB:B3:7F:08', 1773928598, '2026-03-19T13:56:40.040022',            6.1 , 32.5       , 50.6    ,     51.3,         0,      1440,         1,     272, -79 , -84      ,         100,          2, 1)
(65 , '28:05:A5:32:43:64', 1773928606, '2026-03-19T13:56:46.185498',           35.36, 31.8       , 48.9    ,     52.2,       145,      1589,         1,     264, -53 , -54      ,         100,          2, 1)
(66 , '1C:C3:AB:B3:7F:08', 1773928608, '2026-03-19T13:56:49.643959',            6.1 , 32.5       , 50.6    ,     51.3,         0,      1441,         1,     273, -82 , -86      ,         100,          2, 1)
(67 , '28:05:A5:32:43:64', 1773928616, '2026-03-19T13:56:56.219526',           34.95, 31.8       , 48.9    ,     52.2,       144,      1601,         1,     265, -53 , -53      ,         100,          2, 1)
(68 , '1C:C3:AB:B3:7F:08', 1773928619, '2026-03-19T13:56:59.679949',            6.1 , 32.5       , 50.6    ,     51.3,         0,      1443,         1,     274, -84 , -87      ,         100,          2, 1)
(69 , '28:05:A5:32:43:64', 1773928626, '2026-03-19T13:57:06.744821',           34.95, 31.9       , 49.0    ,     52.2,       144,      1595,         1,     266, -53 , -54      ,         100,          2, 1)
(70 , '1C:C3:AB:B3:7F:08', 1773928629, '2026-03-19T13:57:10.125578',            6.1 , 32.5       , 50.6    ,     51.3,         0,      1444,         1,     275, -85 , -88      ,         100,          2, 1)
(71 , '28:05:A5:32:43:64', 1773928636, '2026-03-19T13:57:16.890265',           34.54, 31.9       , 49.0    ,     52.2,       143,      1593,         1,     267, -52 , -53      ,         100,          2, 1)
(72 , '1C:C3:AB:B3:7F:08', 1773928639, '2026-03-19T13:57:19.458450',            6.1 , 32.5       , 50.6    ,     51.3,         0,      1445,         1,     276, -84 , -87      ,         100,          2, 1)
(73 , '28:05:A5:32:43:64', 1773928646, '2026-03-19T13:57:27.020561',           34.54, 31.9       , 49.0    ,     52.2,       143,      1591,         1,     268, -52 , -54      ,         100,          2, 1)
(74 , '1C:C3:AB:B3:7F:08', 1773928649, '2026-03-19T13:57:29.396911',            6.1 , 32.5       , 50.6    ,     51.3,         0,      1446,         1,     277, -85 , -86      ,         100,          2, 1)
(75 , '28:05:A5:32:43:64', 1773928656, '2026-03-19T13:57:37.260629',           34.54, 31.9       , 49.0    ,     52.2,       142,      1597,         1,     269, -53 , -54      ,         100,          2, 1)
(76 , '1C:C3:AB:B3:7F:08', 1773928659, '2026-03-19T13:57:40.034042',            6.1 , 32.5       , 50.5    ,     51.4,         0,      1447,         1,     278, -85 , -87      ,         100,          2, 1)
(77 , '28:05:A5:32:43:64', 1773928666, '2026-03-19T13:57:47.131767',           34.14, 31.9       , 49.0    ,     52.2,       141,      1591,         1,     270, -54 , -54      ,         100,          2, 1)
(78 , '1C:C3:AB:B3:7F:08', 1773928669, '2026-03-19T13:57:50.304102',            6.1 , 32.5       , 50.5    ,     51.3,         0,      1446,         1,     279, -87 , -88      ,         100,          2, 1)
(79 , '28:05:A5:32:43:64', 1773928676, '2026-03-19T13:57:56.624182',           33.74, 32.0       , 48.9    ,     52.2,       140,      1597,         1,     271, -53 , -54      ,         100,          2, 1)
(80 , '1C:C3:AB:B3:7F:08', 1773928679, '2026-03-19T13:58:00.096474',            6.1 , 32.5       , 50.5    ,     51.4,         0,      1451,         1,     280, -80 , -85      ,         100,          2, 1)
(81 , '28:05:A5:32:43:64', 1773928686, '2026-03-19T13:58:07.101929',           32.95, 32.0       , 48.9    ,     52.1,       138,      1584,         1,     272, -53 , -53      ,         100,          2, 1)
(82 , '1C:C3:AB:B3:7F:08', 1773928689, '2026-03-19T13:58:09.689279',            6.1 , 32.6       , 50.5    ,     51.4,         0,      1451,         1,     281, -69 , -71      ,         100,          2, 1)
(83 , '28:05:A5:32:43:64', 1773928696, '2026-03-19T13:58:16.780985',           32.95, 32.0       , 48.9    ,     52.1,       137,      1584,         1,     273, -53 , -54      ,         100,          2, 1)
(84 , '1C:C3:AB:B3:7F:08', 1773928699, '2026-03-19T13:58:19.899477',            6.1 , 32.6       , 50.4    ,     51.4,         0,      1453,         1,     282, -82 , -83      ,         100,          2, 1)
(85 , '28:05:A5:32:43:64', 1773928706, '2026-03-19T13:58:27.449416',           32.17, 32.0       , 48.9    ,     52.1,       135,      1583,         1,     274, -52 , -54      ,         100,          2, 1)
(86 , '1C:C3:AB:B3:7F:08', 1773928709, '2026-03-19T13:58:30.108459',            6.1 , 32.6       , 50.4    ,     51.4,         0,      1453,         1,     283, -82 , -81      ,         100,          2, 1)
(87 , '28:05:A5:32:43:64', 1773928716, '2026-03-19T13:58:38.124784',           31.41, 32.0       , 48.8    ,     52.1,       133,      1579,         1,     275, -54 , -54      ,         100,          2, 1)
(88 , '1C:C3:AB:B3:7F:08', 1773928719, '2026-03-19T13:58:41.225328',            6.1 , 32.6       , 50.4    ,     51.4,         0,      1455,         1,     284, -84 , -86      ,         100,          2, 1)
(89 , '28:05:A5:32:43:64', 1773928726, '2026-03-19T13:58:47.274387',           31.41, 32.1       , 48.8    ,     52.1,       132,      1575,         1,     276, -53 , -54      ,         100,          2, 1)
(90 , '1C:C3:AB:B3:7F:08', 1773928729, '2026-03-19T13:58:50.989947',            6.1 , 32.6       , 50.4    ,     51.4,         0,      1456,         1,     285, -84 , -84      ,         100,          2, 1)
(91 , '28:05:A5:32:43:64', 1773928736, '2026-03-19T13:58:57.452843',           31.03, 32.1       , 48.8    ,     52.1,       131,      1578,         1,     277, -53 , -54      ,         100,          2, 1)
(92 , '1C:C3:AB:B3:7F:08', 1773928739, '2026-03-19T13:59:00.411567',            6.1 , 32.7       , 50.4    ,     51.4,         0,      1456,         1,     286, -80 , -82      ,         100,          2, 1)
(93 , '28:05:A5:32:43:64', 1773928746, '2026-03-19T13:59:07.107341',           30.28, 32.1       , 48.9    ,     52.1,       129,      1571,         1,     278, -53 , -54      ,         100,          2, 1)
(94 , '1C:C3:AB:B3:7F:08', 1773928749, '2026-03-19T13:59:10.064015',            6.1 , 32.7       , 50.4    ,     51.4,         0,      1456,         1,     287, -77 , -81      ,         100,          2, 1)
(95 , '28:05:A5:32:43:64', 1773928757, '2026-03-19T13:59:17.972731',           30.28, 32.1       , 48.8    ,     52.1,       129,      1568,         1,     279, -53 , -53      ,         100,          2, 1)
(96 , '1C:C3:AB:B3:7F:08', 1773928759, '2026-03-19T13:59:20.411725',            6.1 , 32.7       , 50.4    ,     51.4,         0,      1456,         1,     288, -83 , -86      ,         100,          2, 1)
(97 , '28:05:A5:32:43:64', 1773928767, '2026-03-19T13:59:27.437185',           29.92, 32.1       , 48.9    ,     52.0,       128,      1565,         1,     280, -53 , -54      ,         100,          2, 1)
(98 , '1C:C3:AB:B3:7F:08', 1773928770, '2026-03-19T13:59:30.377864',            6.1 , 32.7       , 50.4    ,     51.4,         0,      1457,         1,     289, -85 , -83      ,         100,          2, 1)
(99 , '28:05:A5:32:43:64', 1773928777, '2026-03-19T13:59:37.492545',           29.92, 32.1       , 48.8    ,     52.0,       128,      1565,         1,     281, -53 , -54      ,         100,          2, 1)
(100, '1C:C3:AB:B3:7F:08', 1773928780, '2026-03-19T13:59:40.771196',            6.1 , 32.7       , 50.4    ,     51.4,         0,      1458,         1,     290, -78 , -83      ,         100,          2, 1)
(101, '28:05:A5:32:43:64', 1773928787, '2026-03-19T13:59:47.388581',           29.92, 32.2       , 48.8    ,     52.0,       128,      1563,         1,     282, -54 , -54      ,         100,          2, 1)
(102, '1C:C3:AB:B3:7F:08', 1773928790, '2026-03-19T13:59:52.840228',            6.1 , 32.7       , 50.4    ,     51.4,         0,      1458,         1,     291, -74 , -78      ,         100,          2, 1)
(103, '28:05:A5:32:43:64', 1773928797, '2026-03-19T13:59:57.485380',           29.55, 32.2       , 48.7    ,     52.0,       126,      1563,         1,     283, -53 , -54      ,         100,          2, 1)
(104, '28:05:A5:32:43:64', 1773928807, '2026-03-19T14:00:20.433411',           28.83, 32.2       , 48.7    ,     52.0,       124,      1555,         1,     284, -53 , -53      ,         100,          2, 1)
(105, '1C:C3:AB:B3:7F:08', 1773928810, '2026-03-19T14:00:20.857337',            6.1 , 32.7       , 50.4    ,     51.4,         0,      1461,         1,     293, -76 , -86      ,         100,          2, 1)
(106, '1C:C3:AB:B3:7F:08', 1773928800, '2026-03-19T14:00:21.165078',            6.1 , 32.7       , 50.4    ,     51.4,         0,      1461,         1,     292, -80 , -82      ,         100,          2, 1)
(107, '28:05:A5:32:43:64', 1773928817, '2026-03-19T14:00:21.759166',           28.47, 32.2       , 48.7    ,     52.0,       123,      1552,         1,     285, -54 , -53      ,         100,          2, 1)
(108, '1C:C3:AB:B3:7F:08', 1773928820, '2026-03-19T14:00:22.958833',            6.1 , 32.7       , 50.4    ,     51.4,         0,      1461,         1,     294, -74 , -78      ,         100,          2, 1)
(109, '28:05:A5:32:43:64', 1773928827, '2026-03-19T14:00:28.167377',           28.12, 32.2       , 48.7    ,     51.9,       121,      1549,         1,     286, -53 , -53      ,         100,          2, 1)
(110, '1C:C3:AB:B3:7F:08', 1773928830, '2026-03-19T14:00:31.240547',            6.1 , 32.8       , 50.3    ,     51.5,         0,      1464,         1,     295, -76 , -76      ,         100,          2, 1)
(111, '1C:C3:AB:B3:7F:08', 1773928840, '2026-03-19T14:00:47.946880',            6.1 , 32.8       , 50.2    ,     51.5,         0,      1465,         1,     296, -75 , -73      ,         100,          2, 1)
(112, '28:05:A5:32:43:64', 1773928837, '2026-03-19T14:00:48.021537',           27.08, 32.2       , 48.7    ,     52.0,       118,      1551,         1,     287, -53 , -53      ,         100,          2, 1)
(113, '28:05:A5:32:43:64', 1773928837, '2026-03-19T14:00:48.050502',           27.08, 32.2       , 48.7    ,     52.0,       118,      1551,         1,     287, -53 , -53      ,         100,          2, 1)
(114, '28:05:A5:32:43:64', 1773928847, '2026-03-19T14:00:48.117392',           27.08, 32.3       , 48.6    ,     52.0,       117,      1551,         1,     288, -53 , -52      ,         100,          2, 1)
(115, '28:05:A5:32:43:64', 1773928857, '2026-03-19T14:01:06.055460',           26.74, 32.3       , 48.5    ,     51.9,       116,      1535,         1,     289, -53 , -53      ,         100,          2, 1)
(116, '1C:C3:AB:B3:7F:08', 1773928850, '2026-03-19T14:01:06.108500',            6.1 , 32.8       , 50.2    ,     51.5,         0,      1466,         1,     297, -81 , -85      ,         100,          2, 1)
(117, '1C:C3:AB:B3:7F:08', 1773928860, '2026-03-19T14:01:06.157577',            6.1 , 32.8       , 50.2    ,     51.5,         0,      1467,         1,     298, -84 , -86      ,         100,          2, 1)
(118, '28:05:A5:32:43:64', 1773928867, '2026-03-19T14:01:12.551365',           26.4 , 32.3       , 48.5    ,     51.8,       115,      1531,         1,     290, -53 , -53      ,         100,          2, 1)
(119, '1C:C3:AB:B3:7F:08', 1773928870, '2026-03-19T14:01:12.722355',            6.1 , 32.8       , 50.2    ,     51.5,         0,      1469,         1,     299, -85 , -89      ,         100,          2, 1)
(120, '28:05:A5:32:43:64', 1773928877, '2026-03-19T14:01:21.006104',           26.07, 32.3       , 48.5    ,     51.9,       114,      1535,         1,     291, -53 , -53      ,         100,          2, 1)
(121, '1C:C3:AB:B3:7F:08', 1773928880, '2026-03-19T14:01:21.142790',            6.1 , 32.8       , 50.2    ,     51.5,         0,      1470,         1,     300, -83 , -86      ,         100,          2, 1)
(122, '1C:C3:AB:B3:7F:08', 1773928850, '2026-03-19T14:01:31.071956',            6.1 , 32.8       , 50.2    ,     51.5,         0,      1466,         1,     297, -81 , -85      ,         100,          2, 1)
(123, '28:05:A5:32:43:64', 1773928887, '2026-03-19T14:01:34.012718',           25.74, 32.3       , 48.5    ,     51.8,       113,      1525,         1,     292, -53 , -53      ,         100,          2, 1)
(124, '1C:C3:AB:B3:7F:08', 1773928890, '2026-03-19T14:01:52.136981',            6.1 , 32.8       , 50.3    ,     51.5,         0,      1471,         1,     301, -82 , -86      ,         100,          2, 1)
(125, '28:05:A5:32:43:64', 1773928897, '2026-03-19T14:01:53.096766',           25.74, 32.3       , 48.5    ,     51.9,       112,      1534,         1,     293, -53 , -53      ,         100,          2, 1)
(126, '1C:C3:AB:B3:7F:08', 1773928900, '2026-03-19T14:01:53.183293',            6.1 , 32.8       , 50.3    ,     51.5,         0,      1471,         1,     302, -76 , -86      ,         100,          2, 1)
(127, '1C:C3:AB:B3:7F:08', 1773928890, '2026-03-19T14:01:53.263707',            6.1 , 32.8       , 50.3    ,     51.5,         0,      1471,         1,     301, -82 , -86      ,         100,          2, 1)
(128, '28:05:A5:32:43:64', 1773928907, '2026-03-19T14:01:53.327708',           25.41, 32.4       , 48.5    ,     51.8,       111,      1521,         1,     294, -53 , -52      ,         100,          2, 1)
(129, '1C:C3:AB:B3:7F:08', 1773928910, '2026-03-19T14:01:53.404282',            6.1 , 32.9       , 50.2    ,     51.5,         0,      1472,         1,     303, -80 , -84      ,         100,          2, 1)
(130, '1C:C3:AB:B3:7F:08', 1773928921, '2026-03-19T14:02:10.261937',            6.1 , 32.9       , 50.2    ,     51.5,         0,      1473,         1,     304, -85 , -86      ,         100,          2, 1)
(131, '28:05:A5:32:43:64', 1773928918, '2026-03-19T14:02:13.230223',           25.41, 32.4       , 48.5    ,     51.8,       111,      1523,         1,     295, -54 , -53      ,         100,          2, 1)
(132, '28:05:A5:32:43:64', 1773928928, '2026-03-19T14:02:13.402441',           25.41, 32.4       , 48.5    ,     51.8,       111,      1519,         1,     296, -53 , -53      ,         100,          2, 1)
(133, '1C:C3:AB:B3:7F:08', 1773928931, '2026-03-19T14:02:13.488099',            6.1 , 32.9       , 50.2    ,     51.5,         0,      1474,         1,     305, -82 , -84      ,         100,          2, 1)
(134, '1C:C3:AB:B3:7F:08', 1773928941, '2026-03-19T14:02:31.703430',            6.1 , 32.9       , 50.2    ,     51.5,         0,      1474,         1,     306, -79 , -77      ,         100,          2, 1)
(135, '28:05:A5:32:43:64', 1773928938, '2026-03-19T14:02:32.281905',           24.44, 32.4       , 48.5    ,     51.8,       108,      1519,         1,     297, -53 , -53      ,         100,          2, 1)
(136, '28:05:A5:32:43:64', 1773928948, '2026-03-19T14:02:32.322816',           24.44, 32.4       , 48.5    ,     51.8,       108,      1520,         1,     298, -53 , -53      ,         100,          2, 1)
(137, '1C:C3:AB:B3:7F:08', 1773928951, '2026-03-19T14:02:32.401255',            6.1 , 32.9       , 50.3    ,     51.5,         0,      1477,         1,     307, -82 , -84      ,         100,          2, 1)
(138, '28:05:A5:32:43:64', 1773928958, '2026-03-19T14:02:42.069963',           23.81, 32.4       , 48.5    ,     51.7,       105,      1511,         1,     299, -53 , -54      ,         100,          2, 1)
(139, '1C:C3:AB:B3:7F:08', 1773928961, '2026-03-19T14:02:42.258295',            6.1 , 32.9       , 50.3    ,     51.5,         0,      1478,         1,     308, -85 , -82      ,         100,          2, 1)
(140, '28:05:A5:32:43:64', 1773928968, '2026-03-19T14:02:49.071075',           23.81, 32.4       , 48.5    ,     51.7,       105,      1507,         1,     300, -53 , -54      ,         100,          2, 1)
(141, '1C:C3:AB:B3:7F:08', 1773928971, '2026-03-19T14:03:03.641979',            6.1 , 32.9       , 50.4    ,     51.5,         0,      1478,         1,     309, -80 , -84      ,         100,          2, 1)
(142, '28:05:A5:32:43:64', 1773928978, '2026-03-19T14:03:20.107220',           23.49, 32.4       , 48.5    ,     51.8,       104,      1515,         1,     301, -53 , -54      ,         100,          2, 1)
(143, '1C:C3:AB:B3:7F:08', 1773928981, '2026-03-19T14:03:21.429126',            6.1 , 32.9       , 50.4    ,     51.5,         0,      1478,         1,     310, -73 , -80      ,         100,          2, 1)
(144, '1C:C3:AB:B3:7F:08', 1773928991, '2026-03-19T14:03:34.257247',            6.1 , 32.9       , 50.5    ,     51.5,         0,      1477,         1,     311, -74 , -79      ,         100,          2, 1)
(145, '28:05:A5:32:43:64', 1773928978, '2026-03-19T14:03:34.305039',           23.49, 32.4       , 48.5    ,     51.8,       104,      1515,         1,     301, -53 , -54      ,         100,          2, 1)
(146, '28:05:A5:32:43:64', 1773928998, '2026-03-19T14:03:34.357493',           22.58, 32.5       , 48.5    ,     51.7,       100,      1499,         1,     303, -53 , -53      ,         100,          2, 1)
(147, '1C:C3:AB:B3:7F:08', 1773929001, '2026-03-19T14:03:34.402096',            6.1 , 32.9       , 50.5    ,     51.5,         0,      1479,         1,     312, -77 , -78      ,         100,          2, 1)
(148, '28:05:A5:32:43:64', 1773928988, '2026-03-19T14:03:34.439299',           22.88, 32.4       , 48.6    ,     51.7,       101,      1503,         1,     302, -53 , -54      ,         100,          2, 1)
(149, '28:05:A5:32:43:64', 1773929008, '2026-03-19T14:03:34.485429',           22.58, 32.5       , 48.5    ,     51.7,       100,      1498,         1,     304, -53 , -52      ,         100,          2, 1)
(150, '1C:C3:AB:B3:7F:08', 1773929011, '2026-03-19T14:03:34.529468',            6.1 , 32.9       , 50.5    ,     51.5,         0,      1480,         1,     313, -76 , -77      ,         100,          2, 1)
(151, '28:05:A5:32:43:64', 1773929018, '2026-03-19T14:03:38.862979',           21.98, 32.5       , 48.5    ,     51.6,        98,      1495,         1,     305, -53 , -53      ,         100,          2, 1)
(152, '1C:C3:AB:B3:7F:08', 1773929021, '2026-03-19T14:03:44.577713',            6.1 , 32.9       , 50.5    ,     51.6,         0,      1482,         1,     314, -78 , -80      ,         100,          2, 1)
(153, '28:05:A5:32:43:64', 1773929028, '2026-03-19T14:03:48.891264',           21.98, 32.5       , 48.5    ,     51.6,        97,      1489,         1,     306, -53 , -53      ,         100,          2, 1)
(154, '1C:C3:AB:B3:7F:08', 1773929031, '2026-03-19T14:03:53.800996',            6.1 , 33.0       , 50.4    ,     51.6,         0,      1482,         1,     315, -81 , -75      ,         100,          2, 1)
(155, '28:05:A5:32:43:64', 1773929038, '2026-03-19T14:04:05.257038',           21.39, 32.5       , 48.5    ,     51.6,        95,      1493,         1,     307, -53 , -55      ,         100,          2, 1)
(156, '1C:C3:AB:B3:7F:08', 1773929041, '2026-03-19T14:04:09.971543',            6.1 , 33.0       , 50.4    ,     51.6,         0,      1485,         1,     316, -77 , -68      ,         100,          2, 1)
(157, '28:05:A5:32:43:64', 1773929038, '2026-03-19T14:04:10.682941',           21.39, 32.5       , 48.5    ,     51.6,        95,      1493,         1,     307, -53 , -55      ,         100,          2, 1)
(158, '28:05:A5:32:43:64', 1773929048, '2026-03-19T14:04:11.503374',           20.81, 32.5       , 48.5    ,     51.6,        93,      1487,         1,     308, -52 , -53      ,         100,          2, 1)
(159, '1C:C3:AB:B3:7F:08', 1773929051, '2026-03-19T14:04:11.970441',            6.1 , 33.0       , 50.3    ,     51.6,         0,      1485,         1,     317, -80 , -74      ,         100,          2, 1)
(160, '1C:C3:AB:B3:7F:08', 1773929061, '2026-03-19T14:04:33.752062',            6.1 , 33.0       , 50.3    ,     51.6,         0,      1487,         1,     318, -77 , -76      ,         100,          2, 1)
(161, '28:05:A5:32:43:64', 1773929058, '2026-03-19T14:04:33.814978',           20.81, 32.5       , 48.4    ,     51.5,        92,      1479,         1,     309, -54 , -52      ,         100,          2, 1)
(162, '28:05:A5:32:43:64', 1773929069, '2026-03-19T14:04:33.871172',           20.53, 32.5       , 48.4    ,     51.5,        91,      1478,         1,     310, -53 , -53      ,         100,          2, 1)
(163, '1C:C3:AB:B3:7F:08', 1773929072, '2026-03-19T14:04:33.945284',            6.1 , 33.0       , 50.2    ,     51.6,         0,      1487,         1,     319, -79 , -80      ,         100,          2, 1)
(164, '1C:C3:AB:B3:7F:08', 1773929082, '2026-03-19T14:04:50.642136',            6.1 , 33.0       , 50.2    ,     51.6,         0,      1488,         1,     320, -77 , -75      ,         100,          2, 1)
(165, '28:05:A5:32:43:64', 1773929079, '2026-03-19T14:04:52.674446',           19.69, 32.5       , 48.4    ,     51.5,        88,      1479,         1,     311, -53 , -53      ,         100,          2, 1)
(166, '28:05:A5:32:43:64', 1773929089, '2026-03-19T14:04:52.746586',           19.69, 32.5       , 48.4    ,     51.5,        88,      1471,         1,     312, -53 , -53      ,         100,          2, 1)
(167, '1C:C3:AB:B3:7F:08', 1773929092, '2026-03-19T14:04:52.801256',            6.1 , 33.0       , 50.2    ,     51.6,         0,      1488,         1,     321, -78 , -78      ,         100,          2, 1)
(168, '28:05:A5:32:43:64', 1773929099, '2026-03-19T14:05:00.041334',           19.42, 32.5       , 48.4    ,     51.5,        86,      1470,         1,     313, -53 , -53      ,         100,          2, 1)
(169, '1C:C3:AB:B3:7F:08', 1773929102, '2026-03-19T14:05:02.810142',            6.1 , 33.0       , 50.3    ,     51.6,         0,      1489,         1,     322, -75 , -68      ,         100,          2, 1)
(170, '28:05:A5:32:43:64', 1773929109, '2026-03-19T14:05:09.692218',           18.88, 32.5       , 48.4    ,     51.5,        84,      1467,         1,     314, -54 , -53      ,         100,          2, 1)
(171, '1C:C3:AB:B3:7F:08', 1773929112, '2026-03-19T14:05:22.514219',            6.1 , 33.0       , 50.3    ,     51.6,         0,      1491,         1,     323, -66 , -70      ,         100,          2, 1)
(172, '28:05:A5:32:43:64', 1773929119, '2026-03-19T14:05:22.788644',           18.61, 32.5       , 48.4    ,     51.4,        83,      1461,         1,     315, -53 , -53      ,         100,          2, 1)
(173, '1C:C3:AB:B3:7F:08', 1773929122, '2026-03-19T14:05:22.910067',            6.1 , 33.0       , 50.3    ,     51.6,         0,      1489,         1,     324, -73 , -78      ,         100,          2, 1)
(174, '28:05:A5:32:43:64', 1773929129, '2026-03-19T14:05:31.888409',           18.35, 32.6       , 48.4    ,     51.4,        81,      1457,         1,     316, -55 , -53      ,         100,          2, 1)
(175, '1C:C3:AB:B3:7F:08', 1773929132, '2026-03-19T14:05:32.513688',            6.1 , 33.0       , 50.3    ,     51.6,         0,      1490,         1,     325, -72 , -75      ,         100,          2, 1)
(176, '28:05:A5:32:43:64', 1773929139, '2026-03-19T14:05:40.814755',           18.09, 32.6       , 48.5    ,     51.4,        80,      1455,         1,     317, -53 , -53      ,         100,          2, 1)
(177, '1C:C3:AB:B3:7F:08', 1773929142, '2026-03-19T14:05:53.520709',            6.1 , 33.1       , 50.3    ,     51.6,         0,      1491,         1,     326, -71 , -72      ,         100,          2, 1)
(178, '1C:C3:AB:B3:7F:08', 1773929142, '2026-03-19T14:05:53.601256',            6.1 , 33.1       , 50.3    ,     51.6,         0,      1491,         1,     326, -71 , -72      ,         100,          2, 1)
(179, '1C:C3:AB:B3:7F:08', 1773929152, '2026-03-19T14:06:13.670177',            6.1 , 33.1       , 50.4    ,     51.6,         0,      1492,         1,     327, -77 , -79      ,         100,          2, 1)
(180, '28:05:A5:32:43:64', 1773929149, '2026-03-19T14:06:15.306492',           18.09, 32.6       , 48.5    ,     51.4,        80,      1447,         1,     318, -54 , -52      ,         100,          2, 1)
(181, '28:05:A5:32:43:64', 1773929159, '2026-03-19T14:06:15.560869',           17.83, 32.6       , 48.5    ,     51.4,        79,      1455,         1,     319, -53 , -53      ,         100,          2, 1)
(182, '28:05:A5:32:43:64', 1773929149, '2026-03-19T14:06:16.243924',           18.09, 32.6       , 48.5    ,     51.4,        80,      1447,         1,     318, -54 , -52      ,         100,          2, 1)
(183, '1C:C3:AB:B3:7F:08', 1773929162, '2026-03-19T14:06:19.199992',            6.1 , 33.1       , 50.5    ,     51.6,         0,      1493,         1,     328, -78 , -78      ,         100,          2, 1)
(184, '28:05:A5:32:43:64', 1773929169, '2026-03-19T14:06:43.626420',           17.58, 32.6       , 48.5    ,     51.3,        78,      1439,         1,     320, -53 , -53      ,         100,          2, 1)
(185, '28:05:A5:32:43:64', 1773929169, '2026-03-19T14:07:00.362504',           17.58, 32.6       , 48.5    ,     51.3,        78,      1439,         1,     320, -53 , -53      ,         100,          2, 1)
(186, '28:05:A5:32:43:64', 1773929189, '2026-03-19T14:07:08.350429',           17.07, 32.6       , 48.5    ,     51.3,        75,      1437,         1,     322, -52 , -53      ,         100,          2, 1)
(187, '1C:C3:AB:B3:7F:08', 1773929192, '2026-03-19T14:07:10.110131',            6.1 , 33.1       , 50.4    ,     51.7,         0,      1498,         1,     331, -71 , -79      ,         100,          2, 1)
(188, '1C:C3:AB:B3:7F:08', 1773929172, '2026-03-19T14:07:10.261879',            6.1 , 33.1       , 50.5    ,     51.6,         0,      1496,         1,     329, -76 , -79      ,         100,          2, 1)
(189, '28:05:A5:32:43:64', 1773929199, '2026-03-19T14:07:10.409594',           16.82, 32.6       , 48.5    ,     51.2,        74,      1427,         1,     323, -53 , -53      ,         100,          2, 1)
(190, '1C:C3:AB:B3:7F:08', 1773929202, '2026-03-19T14:07:10.741836',            6.1 , 33.1       , 50.4    ,     51.7,         0,      1500,         1,     332, -79 , -76      ,         100,          2, 1)
(191, '28:05:A5:32:43:64', 1773929179, '2026-03-19T14:07:10.887763',           17.58, 32.6       , 48.5    ,     51.3,        77,      1439,         1,     321, -53 , -53      ,         100,          2, 1)
(192, '28:05:A5:32:43:64', 1773929209, '2026-03-19T14:07:11.043196',           16.34, 32.6       , 48.5    ,     51.2,        71,      1427,         1,     324, -53 , -53      ,         100,          2, 1)
(193, '1C:C3:AB:B3:7F:08', 1773929212, '2026-03-19T14:07:11.209167',            6.1 , 33.1       , 50.4    ,     51.7,         0,      1499,         1,     333, -76 , -74      ,         100,          2, 1)
(194, '1C:C3:AB:B3:7F:08', 1773929182, '2026-03-19T14:07:12.651450',            6.1 , 33.1       , 50.4    ,     51.6,         0,      1495,         1,     330, -77 , -77      ,         100,          2, 1)
(195, '28:05:A5:32:43:64', 1773929220, '2026-03-19T14:07:13.880714',           15.86, 32.7       , 48.5    ,     51.2,        69,      1422,         1,     325, -54 , -53      ,         100,          2, 1)
(196, '1C:C3:AB:B3:7F:08', 1773929222, '2026-03-19T14:07:14.115892',            6.1 , 33.1       , 50.4    ,     51.7,         0,      1501,         1,     334, -74 , -76      ,         100,          2, 1)
(197, '28:05:A5:32:43:64', 1773929230, '2026-03-19T14:07:24.642896',           15.62, 32.7       , 48.5    ,     51.2,        67,      1418,         1,     326, -53 , -53      ,         100,          2, 1)
(198, '1C:C3:AB:B3:7F:08', 1773929233, '2026-03-19T14:07:28.686160',            6.1 , 33.1       , 50.4    ,     51.7,         0,      1503,         1,     335, -81 , -77      ,         100,          2, 1)
(199, '28:05:A5:32:43:64', 1773929230, '2026-03-19T14:07:30.161196',           15.62, 32.7       , 48.5    ,     51.2,        67,      1418,         1,     326, -53 , -53      ,         100,          2, 1)
(200, '28:05:A5:32:43:64', 1773929240, '2026-03-19T14:07:31.390046',           15.39, 32.7       , 48.4    ,     51.1,        66,      1413,         1,     327, -53 , -53      ,         100,          2, 1)
(201, '1C:C3:AB:B3:7F:08', 1773929243, '2026-03-19T14:07:32.217810',            6.1 , 33.1       , 50.3    ,     51.7,         0,      1502,         1,     336, -74 , -73      ,         100,          2, 1)
(202, '28:05:A5:32:43:64', 1773929250, '2026-03-19T14:07:45.162233',           14.93, 32.7       , 48.4    ,     51.1,        64,      1410,         1,     328, -53 , -53      ,         100,          2, 1)
(203, '1C:C3:AB:B3:7F:08', 1773929243, '2026-03-19T14:07:59.084542',            6.1 , 33.1       , 50.3    ,     51.7,         0,      1502,         1,     336, -74 , -73      ,         100,          2, 1)
(204, '1C:C3:AB:B3:7F:08', 1773929263, '2026-03-19T14:08:18.801700',            6.1 , 33.2       , 50.3    ,     51.7,         0,      1505,         1,     338, -74 , -75      ,         100,          2, 1)
(205, '1C:C3:AB:B3:7F:08', 1773929253, '2026-03-19T14:08:24.042613',            6.1 , 33.1       , 50.3    ,     51.7,         0,      1504,         1,     337, -75 , -76      ,         100,          2, 1)
(206, '28:05:A5:32:43:64', 1773929270, '2026-03-19T14:08:24.096022',           14.7 , 32.7       , 48.4    ,     51.1,        62,      1399,         1,     330, -53 , -53      ,         100,          2, 1)
(207, '1C:C3:AB:B3:7F:08', 1773929273, '2026-03-19T14:08:25.969423',            6.1 , 33.2       , 50.2    ,     51.7,         0,      1507,         1,     339, -74 , -75      ,         100,          2, 1)
(208, '28:05:A5:32:43:64', 1773929280, '2026-03-19T14:08:26.687516',           14.48, 32.7       , 48.4    ,     51.0,        61,      1393,         1,     331, -52 , -53      ,         100,          2, 1)
(209, '1C:C3:AB:B3:7F:08', 1773929283, '2026-03-19T14:08:26.826309',            6.1 , 33.2       , 50.2    ,     51.7,         0,      1507,         1,     340, -74 , -77      ,         100,          2, 1)
(210, '28:05:A5:32:43:64', 1773929260, '2026-03-19T14:08:26.876300',           14.93, 32.7       , 48.4    ,     51.0,        64,      1397,         1,     329, -53 , -53      ,         100,          2, 1)
(211, '1C:C3:AB:B3:7F:08', 1773929293, '2026-03-19T14:08:26.921404',            6.1 , 33.2       , 50.3    ,     51.7,         0,      1509,         1,     341, -74 , -76      ,         100,          2, 1)
(212, '28:05:A5:32:43:64', 1773929300, '2026-03-19T14:08:26.969773',           13.82, 32.7       , 48.4    ,     51.0,        58,      1387,         1,     333, -53 , -53      ,         100,          2, 1)
(213, '1C:C3:AB:B3:7F:08', 1773929303, '2026-03-19T14:08:27.013624',            6.1 , 33.2       , 50.3    ,     51.7,         0,      1511,         1,     342, -74 , -74      ,         100,          2, 1)
(214, '28:05:A5:32:43:64', 1773929310, '2026-03-19T14:08:31.293642',           13.18, 32.7       , 48.4    ,     51.0,        54,      1382,         1,     334, -52 , -53      ,         100,          2, 1)
(215, '1C:C3:AB:B3:7F:08', 1773929313, '2026-03-19T14:08:46.989606',            6.1 , 33.2       , 50.2    ,     51.7,         0,      1510,         1,     343, -75 , -77      ,         100,          2, 1)
(216, '28:05:A5:32:43:64', 1773929320, '2026-03-19T14:08:47.039631',           12.97, 32.7       , 48.4    ,     50.9,        52,      1375,         1,     335, -52 , -53      ,         100,          2, 1)
(217, '1C:C3:AB:B3:7F:08', 1773929323, '2026-03-19T14:08:47.087303',            6.1 , 33.2       , 50.2    ,     51.7,         0,      1511,         1,     344, -75 , -76      ,         100,          2, 1)
(218, '1C:C3:AB:B3:7F:08', 1773929333, '2026-03-19T14:09:01.112177',            6.1 , 33.2       , 50.2    ,     51.7,         0,      1513,         1,     345, -74 , -75      ,         100,          2, 1)
(219, '28:05:A5:32:43:64', 1773929330, '2026-03-19T14:09:01.157989',           12.57, 32.7       , 48.4    ,     50.9,        50,      1371,         1,     336, -52 , -53      ,         100,          2, 1)
(220, '28:05:A5:32:43:64', 1773929340, '2026-03-19T14:09:01.214248',           12.36, 32.7       , 48.4    ,     50.9,        49,      1371,         1,     337, -52 , -53      ,         100,          2, 1)
(221, '1C:C3:AB:B3:7F:08', 1773929343, '2026-03-19T14:09:16.692128',            6.1 , 33.2       , 50.2    ,     51.7,         0,      1514,         1,     346, -74 , -74      ,         100,          2, 1)
(222, '28:05:A5:32:43:64', 1773929350, '2026-03-19T14:09:16.785297',           12.17, 32.7       , 48.4    ,     50.8,        47,      1360,         1,     338, -53 , -53      ,         100,          2, 1)
(223, '1C:C3:AB:B3:7F:08', 1773929353, '2026-03-19T14:09:16.848481',            6.1 , 33.2       , 50.2    ,     51.8,         0,      1516,         1,     347, -75 , -73      ,         100,          2, 1)
(224, '28:05:A5:32:43:64', 1773929360, '2026-03-19T14:09:22.905537',           12.17, 32.7       , 48.4    ,     50.8,        47,      1360,         1,     339, -53 , -53      ,         100,          2, 1)
(225, '1C:C3:AB:B3:7F:08', 1773929363, '2026-03-19T14:09:24.255165',            6.1 , 33.3       , 50.1    ,     51.8,         0,      1518,         1,     348, -75 , -76      ,         100,          2, 1)
(226, '28:05:A5:32:43:64', 1773929371, '2026-03-19T14:09:31.106052',           11.58, 32.7       , 48.4    ,     50.7,        44,      1349,         1,     340, -52 , -53      ,         100,          2, 1)
(227, '1C:C3:AB:B3:7F:08', 1773929373, '2026-03-19T14:09:37.445828',            6.1 , 33.3       , 50.1    ,     51.8,         0,      1518,         1,     349, -74 , -76      ,         100,          2, 1)
(228, '1C:C3:AB:B3:7F:08', 1773929384, '2026-03-19T14:09:51.883199',            6.1 , 33.3       , 50.1    ,     51.8,         0,      1518,         1,     350, -75 , -76      ,         100,          2, 1)
(229, '28:05:A5:32:43:64', 1773929381, '2026-03-19T14:09:52.308290',           11.39, 32.7       , 48.4    ,     50.7,        43,      1343,         1,     341, -53 , -53      ,         100,          2, 1)
(230, '28:05:A5:32:43:64', 1773929391, '2026-03-19T14:09:52.386222',           11.2 , 32.7       , 48.4    ,     50.7,        41,      1335,         1,     342, -53 , -53      ,         100,          2, 1)
(231, '1C:C3:AB:B3:7F:08', 1773929394, '2026-03-19T14:09:54.208336',            6.1 , 33.3       , 50.1    ,     51.8,         0,      1520,         1,     351, -74 , -73      ,         100,          2, 1)
(232, '28:05:A5:32:43:64', 1773929401, '2026-03-19T14:10:01.918870',           10.65, 32.7       , 48.4    ,     50.6,        38,      1333,         1,     343, -53 , -52      ,         100,          2, 1)
(233, '1C:C3:AB:B3:7F:08', 1773929404, '2026-03-19T14:10:04.290450',            6.1 , 33.3       , 50.1    ,     51.8,         0,      1520,         1,     352, -56 , -61      ,         100,          2, 1)
(234, '28:05:A5:32:43:64', 1773929411, '2026-03-19T14:10:11.851086',           10.29, 32.7       , 48.4    ,     50.6,        35,      1327,         1,     344, -51 , -53      ,         100,          2, 1)
(235, '1C:C3:AB:B3:7F:08', 1773929414, '2026-03-19T14:10:14.923070',            6.1 , 33.3       , 50.1    ,     51.8,         0,      1520,         1,     353, -54 , -62      ,         100,          2, 1)
(236, '28:05:A5:32:43:64', 1773929421, '2026-03-19T14:10:21.887567',            9.94, 32.7       , 48.3    ,     50.6,        33,      1323,         1,     345, -51 , -53      ,         100,          2, 1)
(237, '1C:C3:AB:B3:7F:08', 1773929424, '2026-03-19T14:10:24.424670',            6.1 , 33.3       , 50.1    ,     51.8,         0,      1521,         1,     354, -58 , -62      ,         100,          2, 1)
(238, '28:05:A5:32:43:64', 1773929431, '2026-03-19T14:10:31.564528',            9.6 , 32.7       , 48.3    ,     50.5,        30,      1311,         1,     346, -51 , -53      ,         100,          2, 1)
(239, '1C:C3:AB:B3:7F:08', 1773929434, '2026-03-19T14:10:34.993882',            6.1 , 33.3       , 50.1    ,     51.8,         0,      1522,         1,     355, -62 , -66      ,         100,          2, 1)
(240, '28:05:A5:32:43:64', 1773929441, '2026-03-19T14:10:41.575423',            9.27, 32.7       , 48.3    ,     50.4,        27,      1302,         1,     347, -52 , -53      ,         100,          2, 1)
(241, '1C:C3:AB:B3:7F:08', 1773929444, '2026-03-19T14:10:45.336175',            6.1 , 33.3       , 50.2    ,     51.8,         0,      1522,         1,     356, -65 , -67      ,         100,          2, 1)
(242, '28:05:A5:32:43:64', 1773929451, '2026-03-19T14:10:52.197082',            8.94, 32.7       , 48.3    ,     50.4,        25,      1297,         1,     348, -51 , -52      ,         100,          2, 1)
(243, '1C:C3:AB:B3:7F:08', 1773929454, '2026-03-19T14:10:55.167056',            6.1 , 33.3       , 50.2    ,     51.8,         0,      1523,         1,     357, -65 , -68      ,         100,          2, 1)
(244, '28:05:A5:32:43:64', 1773929461, '2026-03-19T14:11:02.539938',            8.47, 32.7       , 48.2    ,     50.3,        21,      1287,         1,     349, -53 , -54      ,         100,          2, 1)
(245, '1C:C3:AB:B3:7F:08', 1773929464, '2026-03-19T14:11:05.510305',            6.1 , 33.3       , 50.2    ,     51.8,         0,      1526,         1,     358, -67 , -68      ,         100,          2, 1)
(246, '28:05:A5:32:43:64', 1773929471, '2026-03-19T14:11:12.369939',            8.01, 32.7       , 48.2    ,     50.3,        17,      1285,         1,     350, -52 , -52      ,         100,          2, 1)
(247, '1C:C3:AB:B3:7F:08', 1773929474, '2026-03-19T14:11:14.981310',            6.1 , 33.3       , 50.1    ,     51.9,         0,      1537,         1,     359, -64 , -66      ,         100,          2, 1)
(248, '28:05:A5:32:43:64', 1773929481, '2026-03-19T14:11:22.610086',            7.87, 32.7       , 48.2    ,     50.3,        16,      1275,         1,     351, -51 , -52      ,         100,          2, 1)
(249, '1C:C3:AB:B3:7F:08', 1773929484, '2026-03-19T14:11:25.784886',            6.1 , 33.3       , 50.1    ,     51.9,         0,      1537,         1,     360, -71 , -66      ,         100,          2, 1)
(250, '28:05:A5:32:43:64', 1773929491, '2026-03-19T14:11:32.181254',            7.57, 32.7       , 48.2    ,     50.2,        14,      1270,         1,     352, -52 , -53      ,         100,          2, 1)
(251, '1C:C3:AB:B3:7F:08', 1773929494, '2026-03-19T14:11:35.513156',            6.1 , 33.3       , 50.1    ,     51.9,         0,      1537,         1,     361, -64 , -63      ,         100,          2, 1)
(252, '28:05:A5:32:43:64', 1773929501, '2026-03-19T14:11:41.979183',            7.15, 32.7       , 48.2    ,     50.1,        10,      1255,         1,     353, -52 , -53      ,         100,          2, 1)
(253, '1C:C3:AB:B3:7F:08', 1773929504, '2026-03-19T14:11:45.162367',            6.1 , 33.3       , 50.1    ,     51.9,         0,      1537,         1,     362, -65 , -64      ,         100,          2, 1)
(254, '28:05:A5:32:43:64', 1773929511, '2026-03-19T14:11:52.715916',            6.74, 32.7       , 48.2    ,     50.0,         6,      1237,         1,     354, -50 , -52      ,         100,          2, 1)
(255, '1C:C3:AB:B3:7F:08', 1773929514, '2026-03-19T14:11:54.988203',            6.1 , 33.3       , 50.1    ,     51.9,         0,      1537,         1,     363, -63 , -65      ,         100,          2, 1)
(256, '28:05:A5:32:43:64', 1773929521, '2026-03-19T14:12:02.648694',            6.23, 32.7       , 48.2    ,     50.0,         1,      1233,         1,     355, -52 , -53      ,         100,          2, 1)
(257, '1C:C3:AB:B3:7F:08', 1773929524, '2026-03-19T14:12:05.039625',            6.1 , 33.3       , 50.1    ,     51.9,         0,      1538,         1,     364, -62 , -59      ,         100,          2, 1)
(258, '28:05:A5:32:43:64', 1773929532, '2026-03-19T14:12:12.323415',            6.1 , 32.6       , 48.3    ,     49.8,         0,      1215,         1,     356, -50 , -53      ,         100,          2, 1)
(259, '1C:C3:AB:B3:7F:08', 1773929535, '2026-03-19T14:12:15.756449',            6.1 , 33.3       , 50.1    ,     51.9,         0,      1539,         1,     365, -76 , -63      ,         100,          2, 1)
(260, '28:05:A5:32:43:64', 1773929542, '2026-03-19T14:12:22.924631',            6.1 , 32.6       , 48.3    ,     49.8,         0,      1204,         1,     357, -51 , -53      ,         100,          2, 1)
(261, '1C:C3:AB:B3:7F:08', 1773929545, '2026-03-19T14:12:25.689164',            6.1 , 33.3       , 50.1    ,     51.9,         0,      1539,         1,     366, -60 , -64      ,         100,          2, 1)
(262, '28:05:A5:32:43:64', 1773929552, '2026-03-19T14:12:33.062050',            6.1 , 32.6       , 48.3    ,     49.7,         0,      1194,         1,     358, -51 , -53      ,         100,          2, 1)
(263, '1C:C3:AB:B3:7F:08', 1773929555, '2026-03-19T14:12:35.929218',            6.1 , 33.3       , 50.1    ,     51.9,         0,      1540,         1,     367, -64 , -60      ,         100,          2, 1)
(264, '28:05:A5:32:43:64', 1773929562, '2026-03-19T14:12:42.995163',            6.1 , 32.6       , 48.3    ,     49.5,         0,      1169,         1,     359, -52 , -52      ,         100,          2, 1)
(265, '1C:C3:AB:B3:7F:08', 1773929565, '2026-03-19T14:12:46.271997',            6.1 , 33.3       , 50.1    ,     51.9,         0,      1541,         1,     368, -62 , -61      ,         100,          2, 1)
(266, '28:05:A5:32:43:64', 1773929572, '2026-03-19T14:12:52.439262',            6.1 , 32.6       , 48.4    ,     49.4,         0,      1156,         1,     360, -53 , -55      ,         100,          2, 1)
(267, '1C:C3:AB:B3:7F:08', 1773929575, '2026-03-19T14:12:55.399379',            6.1 , 33.3       , 50.1    ,     51.9,         0,      1543,         1,     369, -76 , -60      ,         100,          2, 1)
(268, '28:05:A5:32:43:64', 1773929582, '2026-03-19T14:13:02.566957',            6.1 , 32.6       , 48.4    ,     49.3,         0,      1139,         1,     361, -51 , -53      ,         100,          2, 1)
(269, '1C:C3:AB:B3:7F:08', 1773929585, '2026-03-19T14:13:05.932257',            6.1 , 33.4       , 50.1    ,     51.9,         0,      1543,         1,     370, -59 , -58      ,         100,          2, 1)
(270, '28:05:A5:32:43:64', 1773929592, '2026-03-19T14:13:13.209954',            6.1 , 32.5       , 48.4    ,     49.1,         0,      1122,         1,     362, -52 , -54      ,         100,          2, 1)
(271, '1C:C3:AB:B3:7F:08', 1773929595, '2026-03-19T14:13:15.986578',            6.1 , 33.4       , 50.1    ,     51.9,         0,      1546,         1,     371, -60 , -60      ,         100,          2, 1)
(272, '28:05:A5:32:43:64', 1773929602, '2026-03-19T14:13:23.144526',            6.1 , 32.5       , 48.4    ,     48.9,         0,      1097,         1,     363, -52 , -54      ,         100,          2, 1)
(273, '1C:C3:AB:B3:7F:08', 1773929605, '2026-03-19T14:13:25.608257',            6.1 , 33.4       , 50.0    ,     51.9,         0,      1547,         1,     372, -59 , -60      ,         100,          2, 1)
(274, '28:05:A5:32:43:64', 1773929612, '2026-03-19T14:13:33.171019',            6.1 , 32.5       , 48.3    ,     48.8,         0,      1082,         1,     364, -52 , -53      ,         100,          2, 1)
(275, '1C:C3:AB:B3:7F:08', 1773929615, '2026-03-19T14:13:35.646082',            6.1 , 33.4       , 50.0    ,     51.9,         0,      1547,         1,     373, -57 , -62      ,         100,          2, 1)
(276, '28:05:A5:32:43:64', 1773929622, '2026-03-19T14:13:42.914964',            6.1 , -999.0     , -999.0  ,     48.7,         0,      1065,         1,     365, -52 , -54      ,         100,          2, 1)
(277, '1C:C3:AB:B3:7F:08', 1773929625, '2026-03-19T14:13:46.381077',            6.1 , 33.3       , 50.0    ,     51.9,         0,      1549,         1,     374, -61 , -62      ,         100,          2, 1)
(278, '28:05:A5:32:43:64', 1773929632, '2026-03-19T14:13:53.241706',            6.1 , -999.0     , -999.0  ,     48.6,         0,      1049,         1,     366, -51 , -54      ,         100,          2, 1)
(279, '1C:C3:AB:B3:7F:08', 1773929635, '2026-03-19T14:13:56.313476',            6.1 , 33.4       , 49.9    ,     52.0,         0,      1551,         1,     375, -59 , -60      ,         100,          2, 1)
(280, '28:05:A5:32:43:64', 1773929642, '2026-03-19T14:14:03.379609',            6.1 , -999.0     , -999.0  ,     48.4,         0,      1029,         1,     367, -52 , -54      ,         100,          2, 1)
(281, '1C:C3:AB:B3:7F:08', 1773929645, '2026-03-19T14:14:05.855640',            6.1 , 33.4       , 49.9    ,     52.0,         0,      1551,         1,     376, -58 , -63      ,         100,          2, 1)
(282, '28:05:A5:32:43:64', 1773929652, '2026-03-19T14:14:13.422622',            6.1 , -999.0     , -999.0  ,     48.3,         0,      1014,         1,     368, -52 , -55      ,         100,          2, 1)
(283, '1C:C3:AB:B3:7F:08', 1773929655, '2026-03-19T14:14:16.487593',            6.1 , 33.3       , 49.9    ,     52.0,         0,      1552,         1,     377, -58 , -61      ,         100,          2, 1)
(284, '28:05:A5:32:43:64', 1773929662, '2026-03-19T14:14:23.258816',            6.1 , -999.0     , -999.0  ,     48.2,         0,      1003,         1,     369, -53 , -56      ,         100,          2, 1)
(285, '1C:C3:AB:B3:7F:08', 1773929665, '2026-03-19T14:14:26.521731',            6.1 , 33.3       , 49.9    ,     52.0,         0,      1552,         1,     378, -58 , -61      ,         100,          2, 1)
(286, '28:05:A5:32:43:64', 1773929672, '2026-03-19T14:14:33.490303',            6.1 , -999.0     , -999.0  ,     48.1,         0,       991,         1,     370, -53 , -56      ,         100,          2, 1)
(287, '1C:C3:AB:B3:7F:08', 1773929675, '2026-03-19T14:14:36.074662',            6.1 , 33.3       , 49.9    ,     52.0,         0,      1553,         1,     379, -57 , -59      ,         100,          2, 1)
(288, '28:05:A5:32:43:64', 1773929682, '2026-03-19T14:14:43.937230',            6.1 , -999.0     , -999.0  ,     48.0,         0,       983,         1,     371, -53 , -56      ,         100,          2, 1)
(289, '1C:C3:AB:B3:7F:08', 1773929685, '2026-03-19T14:14:46.108033',            6.1 , 33.3       , 49.9    ,     52.0,         0,      1556,         1,     380, -58 , -59      ,         100,          2, 1)
(290, '28:05:A5:32:43:64', 1773929693, '2026-03-19T14:14:53.806717',            6.1 , -999.0     , -999.0  ,     47.9,         0,       975,         1,     372, -53 , -57      ,         100,          2, 1)
(291, '1C:C3:AB:B3:7F:08', 1773929696, '2026-03-19T14:14:56.937243',            6.1 , 33.3       , 49.9    ,     52.0,         0,      1555,         1,     381, -58 , -59      ,         100,          2, 1)
(292, '28:05:A5:32:43:64', 1773929703, '2026-03-19T14:15:03.397676',            6.1 , -999.0     , -999.0  ,     47.9,         0,       967,         1,     373, -54 , -57      ,         100,          2, 1)
(293, '1C:C3:AB:B3:7F:08', 1773929706, '2026-03-19T14:15:06.868015',            6.1 , 33.3       , 50.0    ,     52.0,         0,      1556,         1,     382, -57 , -59      ,         100,          2, 1)
(294, '28:05:A5:32:43:64', 1773929713, '2026-03-19T14:15:13.542830',            6.1 , -999.0     , -999.0  ,     47.8,         0,       961,         1,     374, -54 , -58      ,         100,          2, 1)
(295, '1C:C3:AB:B3:7F:08', 1773929716, '2026-03-19T14:15:16.799772',            6.1 , 33.3       , 50.0    ,     52.0,         0,      1558,         1,     383, -56 , -58      ,         100,          2, 1)
(296, '28:05:A5:32:43:64', 1773929723, '2026-03-19T14:15:23.370892',            6.1 , -999.0     , -999.0  ,     47.8,         0,       962,         1,     375, -54 , -58      ,         100,          2, 1)
(297, '1C:C3:AB:B3:7F:08', 1773929726, '2026-03-19T14:15:26.835966',            6.1 , 33.3       , 50.0    ,     52.0,         0,      1559,         1,     384, -56 , -56      ,         100,          2, 1)
(298, '1C:C3:AB:B3:7F:08', 1773929736, '2026-03-19T14:15:36.871216',            6.1 , 33.3       , 50.1    ,     52.0,         0,      1555,         1,     385, -54 , -54      ,         100,          2, 1)
(299, '1C:C3:AB:B3:7F:08', 1773929746, '2026-03-19T14:15:46.527551',            6.1 , 33.3       , 50.3    ,     52.0,         0,      1557,         1,     386, -55 , -58      ,         100,          2, 1)
(300, '1C:C3:AB:B3:7F:08', 1773929756, '2026-03-19T14:15:57.146500',            6.1 , 33.3       , 50.5    ,     52.0,         0,      1559,         1,     387, -54 , -59      ,         100,          1, 1)
(301, '1C:C3:AB:B3:7F:08', 1773929766, '2026-03-19T14:16:07.181745',            6.1 , 33.3       , 50.6    ,     52.0,         0,      1559,         1,     388, -58 , -61      ,         100,          1, 1)
(302, '1C:C3:AB:B3:7F:08', 1773929776, '2026-03-19T14:16:16.677906',            6.1 , 33.3       , 50.6    ,     52.0,         0,      1562,         1,     389, -61 , -69      ,         100,          1, 1)
(303, '1C:C3:AB:B3:7F:08', 1773929786, '2026-03-19T14:16:27.252464',            6.1 , 33.3       , 50.5    ,     52.0,         0,      1562,         1,     390, -55 , -57      ,         100,          1, 1)
(304, '1C:C3:AB:B3:7F:08', 1773929796, '2026-03-19T14:16:36.995547',            6.1 , 33.3       , 50.5    ,     52.0,         0,      1565,         1,     391, -63 , -66      ,         100,          1, 1)
(305, '1C:C3:AB:B3:7F:08', 1773929806, '2026-03-19T14:16:47.527924',            6.1 , 33.3       , 50.5    ,     52.0,         0,      1566,         1,     392, -62 , -64      ,         100,          1, 1)
(306, '1C:C3:AB:B3:7F:08', 1773929816, '2026-03-19T14:16:56.968226',            6.1 , 33.3       , 50.4    ,     52.0,         0,      1566,         1,     393, -65 , -69      ,         100,          1, 1)
(307, '1C:C3:AB:B3:7F:08', 1773929826, '2026-03-19T14:17:07.598722',            6.1 , 33.3       , 50.3    ,     52.0,         0,      1565,         1,     394, -62 , -63      ,         100,          1, 1)
(308, '1C:C3:AB:B3:7F:08', 1773929836, '2026-03-19T14:17:17.941209',            6.1 , 33.3       , 50.3    ,     52.0,         0,      1567,         1,     395, -63 , -58      ,         100,          1, 1)
(309, '1C:C3:AB:B3:7F:08', 1773929847, '2026-03-19T14:17:27.138413',            6.1 , -999.0     , -999.0  ,     52.1,         0,      1568,         1,     396, -67 , -68      ,         100,          1, 1)
(310, '1C:C3:AB:B3:7F:08', 1773929857, '2026-03-19T14:17:37.714900',            6.1 , 33.3       , 50.4    ,     52.1,         0,      1568,         1,     397, -56 , -58      ,         100,          1, 1)
(311, '1C:C3:AB:B3:7F:08', 1773929867, '2026-03-19T14:17:47.849210',            7.29, 33.3       , 50.5    ,     51.9,        11,      1541,         1,     398, -65 , -63      ,         100,          1, 1)
(312, '1C:C3:AB:B3:7F:08', 1773929877, '2026-03-19T14:17:57.328454',            6.23, 33.3       , 50.6    ,     51.8,         1,      1520,         1,     399, -52 , -54      ,         100,          1, 1)
(313, '1C:C3:AB:B3:7F:08', 1773929887, '2026-03-19T14:18:07.416608',            6.1 , 33.3       , 51.0    ,     51.8,         0,      1517,         1,     400, -64 , -55      ,         100,          1, 1)
(314, '1C:C3:AB:B3:7F:08', 1773929897, '2026-03-19T14:18:18.050005',            6.23, 33.3       , 50.9    ,     51.7,         1,      1508,         1,     401, -60 , -58      ,         100,          1, 1)
(315, '1C:C3:AB:B3:7F:08', 1773929907, '2026-03-19T14:18:28.085476',            6.1 , 33.2       , 50.9    ,     51.7,         0,      1506,         1,     402, -55 , -56      ,         100,          1, 1)
(316, '1C:C3:AB:B3:7F:08', 1773929917, '2026-03-19T14:18:38.325675',            6.1 , 33.2       , 50.8    ,     51.7,         0,      1508,         1,     403, -60 , -64      ,         100,          1, 1)
(317, '1C:C3:AB:B3:7F:08', 1773929927, '2026-03-19T14:18:48.466172',            6.1 , 33.2       , 50.8    ,     51.7,         0,      1506,         1,     404, -60 , -61      ,         100,          1, 1)
(318, '1C:C3:AB:B3:7F:08', 1773929937, '2026-03-19T14:18:58.293959',            6.1 , 33.2       , 50.7    ,     51.7,         0,      1510,         1,     405, -55 , -56      ,         100,          1, 1)
(319, '1C:C3:AB:B3:7F:08', 1773929947, '2026-03-19T14:19:07.834801',            6.1 , 33.2       , 50.7    ,     51.7,         0,      1511,         1,     406, -55 , -58      ,         100,          1, 1)
(320, '1C:C3:AB:B3:7F:08', 1773929957, '2026-03-19T14:19:17.872936',            6.1 , 33.2       , 50.7    ,     51.7,         0,      1513,         1,     407, -55 , -57      ,         100,          1, 1)
(321, '1C:C3:AB:B3:7F:08', 1773929967, '2026-03-19T14:19:27.929625',            6.1 , 33.1       , 50.7    ,     51.7,         0,      1514,         1,     408, -58 , -60      ,         100,          1, 1)
(322, '1C:C3:AB:B3:7F:08', 1773929977, '2026-03-19T14:19:38.742367',            6.1 , 33.1       , 50.7    ,     51.8,         0,      1515,         1,     409, -56 , -56      ,         100,          1, 1)
(323, '1C:C3:AB:B3:7F:08', 1773929987, '2026-03-19T14:19:48.879387',            6.1 , 33.1       , 50.7    ,     51.8,         0,      1516,         1,     410, -59 , -59      ,         100,          1, 1)
(324, '1C:C3:AB:B3:7F:08', 1773929998, '2026-03-19T14:19:58.729227',            6.1 , 33.1       , 50.7    ,     51.8,         0,      1517,         1,     411, -56 , -62      ,         100,          1, 1)
(325, '1C:C3:AB:B3:7F:08', 1773930008, '2026-03-19T14:20:08.193960',            6.1 , 33.1       , 50.7    ,     51.8,         0,      1517,         1,     412, -59 , -60      ,         100,          1, 1)
(326, '1C:C3:AB:B3:7F:08', 1773930018, '2026-03-19T14:20:18.247250',            6.1 , 33.1       , 50.7    ,     51.8,         0,      1519,         1,     413, -57 , -58      ,         100,          1, 1)
(327, '1C:C3:AB:B3:7F:08', 1773930028, '2026-03-19T14:20:28.318698',            6.1 , 33.1       , 50.8    ,     51.8,         0,      1520,         1,     414, -55 , -58      ,         100,          1, 1)
(328, '1C:C3:AB:B3:7F:08', 1773930038, '2026-03-19T14:20:39.365505',            6.1 , 33.1       , 50.8    ,     51.8,         0,      1520,         1,     415, -58 , -58      ,         100,          1, 1)
(329, '1C:C3:AB:B3:7F:08', 1773930048, '2026-03-19T14:20:48.990299',            6.1 , 33.1       , 50.9    ,     51.8,         0,      1520,         1,     416, -55 , -57      ,         100,          1, 1)
(330, '1C:C3:AB:B3:7F:08', 1773930058, '2026-03-19T14:20:58.635578',            6.1 , 33.0       , 50.9    ,     51.8,         0,      1521,         1,     417, -55 , -57      ,         100,          1, 1)
(331, '1C:C3:AB:B3:7F:08', 1773930068, '2026-03-19T14:21:09.059983',            6.1 , 33.0       , 50.9    ,     51.8,         0,      1521,         1,     418, -57 , -60      ,         100,          1, 1)
(332, '1C:C3:AB:B3:7F:08', 1773930078, '2026-03-19T14:21:19.197296',            6.1 , 33.0       , 50.9    ,     51.8,         0,      1522,         1,     419, -59 , -61      ,         100,          1, 1)
(333, '1C:C3:AB:B3:7F:08', 1773930088, '2026-03-19T14:21:29.268094',            6.1 , 33.0       , 50.9    ,     51.8,         0,      1523,         1,     420, -58 , -59      ,         100,          1, 1)
(334, '1C:C3:AB:B3:7F:08', 1773930098, '2026-03-19T14:21:39.180569',            6.1 , 33.0       , 51.0    ,     51.8,         0,      1523,         1,     421, -58 , -59      ,         100,          1, 1)
(335, '1C:C3:AB:B3:7F:08', 1773930108, '2026-03-19T14:21:49.610878',            6.1 , 33.0       , 51.0    ,     51.8,         0,      1522,         1,     422, -54 , -56      ,         100,          1, 1)
(336, '1C:C3:AB:B3:7F:08', 1773930118, '2026-03-19T14:21:59.441061',            6.1 , 33.0       , 51.1    ,     51.8,         0,      1525,         1,     423, -53 , -55      ,         100,          1, 1)
(337, '1C:C3:AB:B3:7F:08', 1773930128, '2026-03-19T14:22:08.977062',            6.1 , 32.9       , 51.1    ,     51.8,         0,      1526,         1,     424, -59 , -60      ,         100,          1, 1)
(338, '1C:C3:AB:B3:7F:08', 1773930138, '2026-03-19T14:22:19.221793',            6.1 , 32.9       , 51.1    ,     51.9,         0,      1537,         1,     425, -52 , -53      ,         100,          1, 1)
(339, '1C:C3:AB:B3:7F:08', 1773930148, '2026-03-19T14:22:29.649386',            6.1 , 32.9       , 51.2    ,     51.9,         0,      1537,         1,     426, -52 , -53      ,         100,          1, 1)
(340, '1C:C3:AB:B3:7F:08', 1773930159, '2026-03-19T14:22:39.196428',            6.1 , 32.9       , 51.1    ,     51.9,         0,      1537,         1,     427, -52 , -58      ,         100,          1, 1)
(341, '1C:C3:AB:B3:7F:08', 1773930169, '2026-03-19T14:22:49.826267',            6.1 , 32.9       , 51.2    ,     51.9,         0,      1537,         1,     428, -53 , -56      ,         100,          1, 1)
(342, '1C:C3:AB:B3:7F:08', 1773930179, '2026-03-19T14:22:59.465533',            6.1 , 32.9       , 51.2    ,     51.9,         0,      1539,         1,     429, -50 , -56      ,         100,          1, 1)
(343, '1C:C3:AB:B3:7F:08', 1773930189, '2026-03-19T14:23:09.690710',            6.1 , 32.9       , 51.2    ,     51.9,         0,      1537,         1,     430, -60 , -55      ,         100,          1, 1)
(344, '1C:C3:AB:B3:7F:08', 1773930199, '2026-03-19T14:23:20.030762',            6.1 , 32.9       , 51.2    ,     51.9,         0,      1539,         1,     431, -54 , -58      ,         100,          1, 1)
(345, '1C:C3:AB:B3:7F:08', 1773930209, '2026-03-19T14:23:29.669067',            6.1 , 32.9       , 51.2    ,     51.9,         0,      1540,         1,     432, -53 , -56      ,         100,          1, 1)
(346, '1C:C3:AB:B3:7F:08', 1773930219, '2026-03-19T14:23:39.999354',            6.1 , 32.9       , 51.3    ,     51.9,         0,      1541,         1,     433, -56 , -60      ,         100,          1, 1)
(347, '1C:C3:AB:B3:7F:08', 1773930229, '2026-03-19T14:23:49.646971',            6.1 , 32.9       , 51.3    ,     51.9,         0,      1542,         1,     434, -60 , -60      ,         100,          1, 1)
(348, '1C:C3:AB:B3:7F:08', 1773930239, '2026-03-19T14:24:00.480274',            6.1 , 32.9       , 51.3    ,     51.9,         0,      1545,         1,     435, -56 , -58      ,         100,          1, 1)
(349, '1C:C3:AB:B3:7F:08', 1773930249, '2026-03-19T14:24:10.525457',            6.1 , 32.9       , 51.3    ,     51.9,         0,      1546,         1,     436, -57 , -59      ,         100,          1, 1)
(350, '1C:C3:AB:B3:7F:08', 1773930259, '2026-03-19T14:24:20.448976',            6.1 , 32.9       , 51.2    ,     51.9,         0,      1547,         1,     437, -56 , -59      ,         100,          1, 1)
(351, '1C:C3:AB:B3:7F:08', 1773930269, '2026-03-19T14:24:30.087479',            6.1 , 32.9       , 51.2    ,     51.9,         0,      1547,         1,     438, -58 , -58      ,         100,          1, 1)
(352, '1C:C3:AB:B3:7F:08', 1773930279, '2026-03-19T14:24:40.519848',            6.1 , 32.9       , 51.2    ,     52.0,         0,      1551,         1,     439, -56 , -58      ,         100,          1, 1)
(353, '1C:C3:AB:B3:7F:08', 1773930289, '2026-03-19T14:24:50.166030',            6.1 , 32.9       , 51.2    ,     51.9,         0,      1550,         1,     440, -56 , -57      ,         100,          1, 1)
(354, '1C:C3:AB:B3:7F:08', 1773930299, '2026-03-19T14:25:00.087770',            6.1 , 32.9       , 51.2    ,     52.0,         0,      1552,         1,     441, -54 , -75      ,         100,          1, 1)
(355, '1C:C3:AB:B3:7F:08', 1773930310, '2026-03-19T14:25:10.136621',            6.1 , 32.9       , 51.3    ,     52.0,         0,      1552,         1,     442, -67 , -67      ,         100,          1, 1)
(356, '1C:C3:AB:B3:7F:08', 1773930320, '2026-03-19T14:25:20.561815',            6.1 , 32.9       , 51.3    ,     52.0,         0,      1554,         1,     443, -58 , -53      ,         100,          1, 1)
(357, '1C:C3:AB:B3:7F:08', 1773930330, '2026-03-19T14:25:30.276846',            6.1 , 32.9       , 51.3    ,     52.0,         0,      1554,         1,     444, -56 , -57      ,         100,          1, 1)
(358, '1C:C3:AB:B3:7F:08', 1773930340, '2026-03-19T14:25:40.332365',            6.1 , 32.9       , 51.4    ,     52.0,         0,      1555,         1,     445, -59 , -59      ,         100,          1, 1)
(359, '1C:C3:AB:B3:7F:08', 1773930350, '2026-03-19T14:25:50.400137',            6.1 , 32.9       , 51.4    ,     52.0,         0,      1556,         1,     446, -57 , -59      ,         100,          1, 1)
(360, '1C:C3:AB:B3:7F:08', 1773930360, '2026-03-19T14:26:00.540491',            6.1 , 32.9       , 51.5    ,     52.0,         0,      1556,         1,     447, -60 , -56      ,         100,          1, 1)
(361, '1C:C3:AB:B3:7F:08', 1773930370, '2026-03-19T14:26:10.572245',            6.1 , 32.9       , 51.4    ,     52.0,         0,      1557,         1,     448, -57 , -58      ,         100,          1, 1)
(362, '1C:C3:AB:B3:7F:08', 1773930380, '2026-03-19T14:26:21.280080',            6.1 , 32.9       , 51.4    ,     52.0,         0,      1559,         1,     449, -55 , -56      ,         100,          1, 1)
(363, '1C:C3:AB:B3:7F:08', 1773930390, '2026-03-19T14:26:30.726251',            6.1 , 32.9       , 51.4    ,     52.0,         0,      1559,         1,     450, -54 , -57      ,         100,          1, 1)
(364, '1C:C3:AB:B3:7F:08', 1773930400, '2026-03-19T14:26:40.986693',            6.1 , 32.9       , 51.4    ,     52.0,         0,      1562,         1,     451, -61 , -57      ,         100,          1, 1)
(365, '1C:C3:AB:B3:7F:08', 1773930410, '2026-03-19T14:26:51.114431',            6.1 , 32.9       , 51.4    ,     52.0,         0,      1559,         1,     452, -61 , -65      ,         100,          1, 1)
(366, '1C:C3:AB:B3:7F:08', 1773930420, '2026-03-19T14:27:01.524529',            6.1 , 32.8       , 51.4    ,     52.0,         0,      1562,         1,     453, -63 , -64      ,         100,          1, 1)
(367, '1C:C3:AB:B3:7F:08', 1773930430, '2026-03-19T14:27:10.995073',            6.1 , 32.9       , 51.3    ,     52.0,         0,      1565,         1,     454, -62 , -66      ,         100,          1, 1)
(368, '1C:C3:AB:B3:7F:08', 1773930440, '2026-03-19T14:27:21.594512',            6.1 , 32.9       , 51.3    ,     52.0,         0,      1562,         1,     455, -58 , -62      ,         100,          1, 1)
(369, '1C:C3:AB:B3:7F:08', 1773930450, '2026-03-19T14:27:31.628982',            6.1 , 32.9       , 51.3    ,     52.0,         0,      1564,         1,     456, -61 , -64      ,         100,          1, 1)
(370, '1C:C3:AB:B3:7F:08', 1773930461, '2026-03-19T14:27:41.663765',            6.1 , 32.9       , 51.4    ,     52.0,         0,      1563,         1,     457, -57 , -71      ,         100,          1, 1)
(371, '1C:C3:AB:B3:7F:08', 1773930471, '2026-03-19T14:27:51.699296',            6.1 , 32.9       , 51.4    ,     52.0,         0,      1567,         1,     458, -60 , -63      ,         100,          1, 1)
(372, '1C:C3:AB:B3:7F:08', 1773930481, '2026-03-19T14:28:06.442183',            6.1 , 32.9       , 51.6    ,     52.0,         0,      1567,         1,     459, -57 , -52      ,         100,          1, 1)
(373, '1C:C3:AB:B3:7F:08', 1773930481, '2026-03-19T14:28:11.460415',            6.1 , 32.9       , 51.6    ,     52.0,         0,      1567,         1,     459, -57 , -52      ,         100,          1, 1)
(374, '1C:C3:AB:B3:F2:84', 1773930487, '2026-03-19T14:28:11.512228',           12.97, 28.4       , 60.6    ,     54.0,        54,      1962,         1,       0, -57 , -52      ,         100,          2, 1)
(375, '1C:C3:AB:B3:7F:08', 1773930491, '2026-03-19T14:28:11.574941',            6.1 , 32.8       , 51.5    ,     52.1,         0,      1569,         1,     460, -70 , -63      ,         100,          2, 1)
(376, '1C:C3:AB:B3:F2:84', 1773930497, '2026-03-19T14:28:17.223009',           24.76, 28.5       , 64.1    ,     54.1,       111,      1984,         1,       1, -58 , -64      ,         100,          2, 1)
(377, '1C:C3:AB:B3:7F:08', 1773930501, '2026-03-19T14:28:21.375828',            6.1 , 32.8       , 51.5    ,     52.0,         0,      1566,         1,     461, -69 , -62      ,         100,          2, 1)
(378, '1C:C3:AB:B3:F2:84', 1773930507, '2026-03-19T14:28:27.670353',           50.86, 28.5       , 63.6    ,     54.1,       191,      1987,         1,       2, -70 , -77      ,         100,          2, 1)
(379, '1C:C3:AB:B3:7F:08', 1773930511, '2026-03-19T14:28:32.045807',            6.1 , 32.8       , 51.7    ,     52.1,         0,      1568,         1,     462, -56 , -57      ,         100,          2, 1)
(380, '1C:C3:AB:B3:F2:84', 1773930517, '2026-03-19T14:28:37.383103',           55.8 , 28.6       , 63.1    ,     54.1,       203,      1991,         1,       3, -62 , -74      ,         100,          2, 1)
(381, '1C:C3:AB:B3:7F:08', 1773930521, '2026-03-19T14:28:42.081167',            6.1 , 32.8       , 51.7    ,     52.1,         0,      1568,         1,     463, -59 , -64      ,         100,          2, 1)
(382, '1C:C3:AB:B3:7F:08', 1773930531, '2026-03-19T14:28:52.019797',            6.1 , -999.0     , -999.0  ,     52.1,         0,      1571,         1,     464, -61 , -63      ,         100,          2, 1)
(383, '1C:C3:AB:B3:F2:84', 1773930534, '2026-03-19T14:28:55.393621',           24.76, 28.7       , 60.4    ,     54.0,       112,      1958,         1,       0, -51 , -50      ,         100,          2, 1)
(384, '1C:C3:AB:B3:7F:08', 1773930541, '2026-03-19T14:29:01.654066',            6.1 , 32.8       , 51.5    ,     52.1,         0,      1571,         1,     465, -63 , -65      ,         100,          2, 1)
(385, '1C:C3:AB:B3:F2:84', 1773930544, '2026-03-19T14:29:07.699298',           30.65, 28.7       , 62.8    ,     54.1,       133,      1996,         1,       1, -50 , -48      ,         100,          2, 1)
(386, '1C:C3:AB:B3:7F:08', 1773930551, '2026-03-19T14:29:11.892864',            6.1 , 32.8       , 51.5    ,     52.1,         0,      1572,         1,     466, -58 , -59      ,         100,          2, 1)
(387, '1C:C3:AB:B3:F2:84', 1773930554, '2026-03-19T14:29:25.498540',           42.85, 28.8       , 62.4    ,     54.1,       170,      1984,         1,       2, -49 , -62      ,         100,          2, 1)
(388, '1C:C3:AB:B3:7F:08', 1773930561, '2026-03-19T14:29:26.014773',            6.1 , 32.8       , 51.5    ,     52.1,         0,      1573,         1,     467, -58 , -60      ,         100,          2, 1)
(389, '1C:C3:AB:B3:F2:84', 1773930564, '2026-03-19T14:29:26.045785',           46.74, 28.8       , 62.5    ,     54.1,       181,      1984,         1,       3, -61 , -62      ,         100,          2, 1)
(390, '1C:C3:AB:B3:7F:08', 1773930571, '2026-03-19T14:29:32.461774',            6.1 , 32.8       , 51.5    ,     52.1,         0,      1573,         1,     468, -65 , -71      ,         100,          2, 1)
(391, '1C:C3:AB:B3:F2:84', 1773930574, '2026-03-19T14:29:35.466655',           45.25, 28.8       , 62.5    ,     54.1,       177,      1984,         1,       4, -58 , -63      ,         100,          2, 1)
(392, '1C:C3:AB:B3:7F:08', 1773930581, '2026-03-19T14:29:42.590512',            6.1 , 32.8       , 51.5    ,     52.1,         0,      1575,         1,     469, -65 , -69      ,         100,          2, 1)
(393, '1C:C3:AB:B3:F2:84', 1773930585, '2026-03-19T14:29:45.672440',           41.0 , 28.9       , 62.0    ,     54.1,       166,      1984,         1,       5, -57 , -59      ,         100,          2, 1)
(394, '1C:C3:AB:B3:7F:08', 1773930591, '2026-03-19T14:29:52.545870',            6.1 , 32.8       , 51.5    ,     52.1,         0,      1575,         1,     470, -58 , -61      ,         100,          2, 1)
(395, '1C:C3:AB:B3:F2:84', 1773930595, '2026-03-19T14:29:55.208837',           36.61, 28.9       , 61.5    ,     54.1,       152,      1984,         1,       6, -69 , -63      ,         100,          2, 1)
(396, '1C:C3:AB:B3:7F:08', 1773930601, '2026-03-19T14:30:02.567276',            6.1 , 32.8       , 51.5    ,     52.1,         0,      1578,         1,     471, -55 , -59      ,         100,          2, 1)
(397, '1C:C3:AB:B3:F2:84', 1773930605, '2026-03-19T14:30:05.961678',           33.34, 29.0       , 61.2    ,     54.1,       142,      1984,         1,       7, -59 , -61      ,         100,          2, 1)
(398, '1C:C3:AB:B3:7F:08', 1773930611, '2026-03-19T14:30:12.602525',            6.1 , 32.8       , 51.5    ,     52.1,         0,      1579,         1,     472, -57 , -58      ,         100,          2, 1)
(399, '1C:C3:AB:B3:F2:84', 1773930615, '2026-03-19T14:30:15.485529',           29.55, 29.0       , 61.0    ,     54.1,       130,      1985,         1,       8, -69 , -64      ,         100,          2, 1)
(400, '1C:C3:AB:B3:7F:08', 1773930622, '2026-03-19T14:30:22.638049',            6.1 , 32.8       , 51.5    ,     52.1,         0,      1580,         1,     473, -64 , -66      ,         100,          2, 1)
(401, '1C:C3:AB:B3:F2:84', 1773930625, '2026-03-19T14:30:25.914474',           27.08, 29.0       , 60.9    ,     54.1,       121,      1984,         1,       9, -67 , -67      ,         100,          2, 1)
(402, '1C:C3:AB:B3:7F:08', 1773930632, '2026-03-19T14:30:32.282451',            6.1 , 32.8       , 51.5    ,     52.1,         0,      1579,         1,     474, -63 , -61      ,         100,          2, 1)
(403, '1C:C3:AB:B3:F2:84', 1773930635, '2026-03-19T14:30:35.667822',           24.76, 29.1       , 60.7    ,     54.1,       112,      1987,         1,      10, -65 , -64      ,         100,          2, 1)
(404, '1C:C3:AB:B3:7F:08', 1773930642, '2026-03-19T14:30:43.015479',            6.1 , 32.8       , 51.7    ,     52.1,         0,      1580,         1,     475, -63 , -65      ,         100,          2, 1)
(405, '1C:C3:AB:B3:F2:84', 1773930645, '2026-03-19T14:30:46.190159',           22.88, 29.1       , 60.6    ,     54.1,       104,      1984,         1,      11, -63 , -69      ,         100,          2, 1)
(406, '1C:C3:AB:B3:7F:08', 1773930652, '2026-03-19T14:30:52.364064',            6.1 , 32.8       , 51.7    ,     52.1,         0,      1582,         1,     476, -55 , -58      ,         100,          2, 1)
(407, '1C:C3:AB:B3:F2:84', 1773930655, '2026-03-19T14:30:56.430299',           20.81, 29.2       , 60.4    ,     54.1,        95,      1984,         1,      12, -61 , -66      ,         100,          2, 1)
(408, '1C:C3:AB:B3:7F:08', 1773930662, '2026-03-19T14:31:02.693426',            6.1 , 32.8       , 51.7    ,     52.1,         0,      1581,         1,     477, -56 , -58      ,         100,          2, 1)
(409, '1C:C3:AB:B3:F2:84', 1773930665, '2026-03-19T14:31:05.661362',           18.61, 29.2       , 60.3    ,     54.1,        85,      1986,         1,      13, -62 , -67      ,         100,          2, 1)
(410, '1C:C3:AB:B3:7F:08', 1773930672, '2026-03-19T14:31:13.031255',            6.1 , 32.8       , 51.7    ,     52.1,         0,      1582,         1,     478, -53 , -56      ,         100,          2, 1)
(411, '1C:C3:AB:B3:F2:84', 1773930675, '2026-03-19T14:31:16.193774',           17.58, 29.2       , 60.2    ,     54.1,        80,      1987,         1,      14, -57 , -62      ,         100,          2, 1)
(412, '1C:C3:AB:B3:7F:08', 1773930682, '2026-03-19T14:31:23.156692',            6.1 , 32.7       , 51.8    ,     52.1,         0,      1584,         1,     479, -54 , -55      ,         100,          2, 1)
(413, '1C:C3:AB:B3:F2:84', 1773930685, '2026-03-19T14:31:26.229348',           17.32, 29.3       , 60.0    ,     54.1,        78,      1984,         1,      15, -64 , -63      ,         100,          2, 1)
(414, '1C:C3:AB:B3:7F:08', 1773930692, '2026-03-19T14:31:33.191982',            6.1 , 32.7       , 51.8    ,     52.1,         0,      1584,         1,     480, -60 , -63      ,         100,          2, 1)
(415, '1C:C3:AB:B3:F2:84', 1773930695, '2026-03-19T14:31:35.884019',           15.62, 29.3       , 59.9    ,     54.1,        69,      1987,         1,      16, -60 , -63      ,         100,          2, 1)
(416, '1C:C3:AB:B3:7F:08', 1773930702, '2026-03-19T14:31:43.129554',            6.1 , 32.7       , 51.8    ,     52.1,         0,      1584,         1,     481, -53 , -55      ,         100,          2, 1)
(417, '1C:C3:AB:B3:F2:84', 1773930705, '2026-03-19T14:31:46.504191',           14.7 , 29.3       , 60.0    ,     54.1,        64,      1985,         1,      17, -67 , -71      ,         100,          2, 1)
(418, '1C:C3:AB:B3:7F:08', 1773930712, '2026-03-19T14:31:53.262648',            6.1 , 32.7       , 51.8    ,     52.1,         0,      1584,         1,     482, -54 , -52      ,         100,          2, 1)
(419, '1C:C3:AB:B3:F2:84', 1773930715, '2026-03-19T14:31:56.539656',           14.04, 29.4       , 60.0    ,     54.1,        60,      1985,         1,      18, -61 , -71      ,         100,          2, 1)
(420, '1C:C3:AB:B3:7F:08', 1773930722, '2026-03-19T14:32:03.297767',            6.1 , 32.8       , 51.7    ,     52.1,         0,      1584,         1,     483, -58 , -57      ,         100,          2, 1)
(421, '1C:C3:AB:B3:F2:84', 1773930725, '2026-03-19T14:32:06.575070',           12.97, 29.4       , 59.8    ,     54.1,        54,      1985,         1,      19, -62 , -66      ,         100,          2, 1)
(422, '1C:C3:AB:B3:7F:08', 1773930732, '2026-03-19T14:32:12.876445',            6.1 , 32.7       , 51.8    ,     52.1,         0,      1584,         1,     484, -54 , -54      ,         100,          2, 1)
(423, '1C:C3:AB:B3:F2:84', 1773930736, '2026-03-19T14:32:16.609868',           11.97, 29.4       , 59.6    ,     54.1,        48,      1985,         1,      20, -65 , -67      ,         100,          2, 1)
(424, '1C:C3:AB:B3:7F:08', 1773930742, '2026-03-19T14:32:22.976549',            6.1 , 32.7       , 51.8    ,     52.1,         0,      1585,         1,     485, -53 , -55      ,         100,          2, 1)
(425, '1C:C3:AB:B3:F2:84', 1773930746, '2026-03-19T14:32:26.645699',           11.97, 29.5       , 59.5    ,     54.1,        47,      1987,         1,      21, -62 , -63      ,         100,          2, 1)
(426, '1C:C3:AB:B3:7F:08', 1773930752, '2026-03-19T14:32:33.608799',            6.1 , 32.7       , 51.8    ,     52.1,         0,      1584,         1,     486, -54 , -56      ,         100,          2, 1)
(427, '1C:C3:AB:B3:F2:84', 1773930756, '2026-03-19T14:32:36.680616',           11.39, 29.5       , 59.4    ,     54.1,        44,      1989,         1,      22, -63 , -65      ,         100,          2, 1)
(428, '1C:C3:AB:B3:7F:08', 1773930762, '2026-03-19T14:32:43.643959',            6.1 , 32.7       , 51.8    ,     52.1,         0,      1585,         1,     487, -55 , -59      ,         100,          2, 1)
(429, '1C:C3:AB:B3:F2:84', 1773930766, '2026-03-19T14:32:46.329645',           10.65, 29.5       , 59.2    ,     54.1,        38,      1991,         1,      23, -63 , -53      ,         100,          2, 1)
(430, '1C:C3:AB:B3:7F:08', 1773930773, '2026-03-19T14:32:53.679074',            6.1 , 32.7       , 51.8    ,     52.1,         0,      1585,         1,     488, -82 , -76      ,         100,          2, 1)
(431, '1C:C3:AB:B3:F2:84', 1773930776, '2026-03-19T14:32:56.839573',           10.12, 29.6       , 59.1    ,     54.1,        34,      1988,         1,      24, -56 , -59      ,         100,          2, 1)
(432, '1C:C3:AB:B3:7F:08', 1773930783, '2026-03-19T14:33:03.386056',            6.1 , 32.7       , 51.8    ,     52.2,         0,      1587,         1,     489, -82 , -72      ,         100,          2, 1)
(433, '1C:C3:AB:B3:F2:84', 1773930786, '2026-03-19T14:33:06.696978',            9.43, 29.6       , 59.0    ,     54.1,        30,      1987,         1,      25, -57 , -59      ,         100,          2, 1)
(434, '1C:C3:AB:B3:7F:08', 1773930793, '2026-03-19T14:33:13.749570',            6.1 , 32.7       , 51.8    ,     52.2,         0,      1587,         1,     490, -80 , -75      ,         100,          2, 1)
(435, '1C:C3:AB:B3:F2:84', 1773930796, '2026-03-19T14:33:17.026595',            8.94, 29.6       , 58.8    ,     54.1,        26,      1990,         1,      26, -57 , -59      ,         100,          2, 1)
(436, '1C:C3:AB:B3:7F:08', 1773930803, '2026-03-19T14:33:23.785469',            6.1 , 32.7       , 51.8    ,     52.2,         0,      1587,         1,     491, -81 , -75      ,         100,          2, 1)
(437, '1C:C3:AB:B3:F2:84', 1773930806, '2026-03-19T14:33:26.964363',            8.47, 29.7       , 58.7    ,     54.1,        22,      1987,         1,      27, -57 , -60      ,         100,          2, 1)
(438, '1C:C3:AB:B3:7F:08', 1773930813, '2026-03-19T14:33:33.463760',            6.1 , 32.7       , 51.8    ,     52.2,         0,      1590,         1,     492, -80 , -72      ,         100,          2, 1)
(439, '1C:C3:AB:B3:F2:84', 1773930816, '2026-03-19T14:33:37.109274',            8.16, 29.7       , 58.6    ,     54.1,        19,      1990,         1,      28, -57 , -59      ,         100,          2, 1)
(440, '1C:C3:AB:B3:7F:08', 1773930823, '2026-03-19T14:33:43.511282',            6.1 , 32.7       , 51.8    ,     52.2,         0,      1589,         1,     493, -73 , -76      ,         100,          2, 1)
(441, '1C:C3:AB:B3:F2:84', 1773930826, '2026-03-19T14:33:46.842077',            7.72, 29.8       , 58.4    ,     54.1,        16,      1989,         1,      29, -57 , -60      ,         100,          2, 1)
(442, '1C:C3:AB:B3:7F:08', 1773930833, '2026-03-19T14:33:54.095500',            6.1 , 32.7       , 51.8    ,     52.2,         0,      1589,         1,     494, -73 , -81      ,         100,          2, 1)
(443, '1C:C3:AB:B3:F2:84', 1773930836, '2026-03-19T14:33:56.778911',            7.72, 29.8       , 58.3    ,     54.1,        15,      1995,         1,      30, -57 , -61      ,         100,          2, 1)
(444, '1C:C3:AB:B3:7F:08', 1773930843, '2026-03-19T14:34:04.130613',            6.1 , 32.7       , 51.8    ,     52.2,         0,      1591,         1,     495, -77 , -75      ,         100,          2, 1)
(445, '1C:C3:AB:B3:F2:84', 1773930846, '2026-03-19T14:34:07.407434',            7.43, 29.8       , 58.2    ,     54.1,        13,      1993,         1,      31, -57 , -61      ,         100,          2, 1)
(446, '1C:C3:AB:B3:7F:08', 1773930853, '2026-03-19T14:34:13.665852',            6.1 , 32.7       , 51.8    ,     52.2,         0,      1597,         1,     496, -63 , -68      ,         100,          2, 1)
(447, '1C:C3:AB:B3:F2:84', 1773930856, '2026-03-19T14:34:17.442248',            7.15, 29.9       , 58.1    ,     54.1,        10,      1993,         1,      32, -56 , -61      ,         100,          2, 1)
(448, '1C:C3:AB:B3:7F:08', 1773930863, '2026-03-19T14:34:24.201582',            6.1 , 32.7       , 51.8    ,     52.2,         0,      1597,         1,     497, -75 , -71      ,         100,          2, 1)
(449, '1C:C3:AB:B3:F2:84', 1773930866, '2026-03-19T14:34:27.478077',            6.74, 29.9       , 57.9    ,     54.1,         6,      1989,         1,      33, -57 , -60      ,         100,          2, 1)
(450, '1C:C3:AB:B3:7F:08', 1773930873, '2026-03-19T14:34:33.848815',            6.1 , 32.7       , 51.8    ,     52.2,         0,      1599,         1,     498, -66 , -73      ,         100,          2, 1)
(451, '1C:C3:AB:B3:F2:84', 1773930876, '2026-03-19T14:34:37.513800',            6.61, 29.9       , 57.8    ,     54.1,         5,      1991,         1,      34, -58 , -62      ,         100,          2, 1)
(452, '1C:C3:AB:B3:7F:08', 1773930883, '2026-03-19T14:34:43.877203',            6.1 , 32.7       , 51.8    ,     52.2,         0,      1598,         1,     499, -61 , -65      ,         100,          2, 1)
(453, '1C:C3:AB:B3:F2:84', 1773930886, '2026-03-19T14:34:47.548826',            6.35, 29.9       , 57.8    ,     54.1,         3,      1993,         1,      35, -58 , -62      ,         100,          2, 1)
(454, '1C:C3:AB:B3:7F:08', 1773930893, '2026-03-19T14:34:54.539780',            6.1 , 32.7       , 51.8    ,     52.2,         0,      1598,         1,     500, -61 , -70      ,         100,          2, 1)
(455, '1C:C3:AB:B3:F2:84', 1773930897, '2026-03-19T14:34:57.191945',            6.23, 29.9       , 57.8    ,     54.1,         1,      1990,         1,      36, -57 , -61      ,         100,          2, 1)
(456, '1C:C3:AB:B3:7F:08', 1773930903, '2026-03-19T14:35:04.547306',            6.1 , 32.7       , 51.8    ,     52.2,         0,      1600,         1,     501, -67 , -70      ,         100,          2, 1)
(457, '1C:C3:AB:B3:F2:84', 1773930907, '2026-03-19T14:35:07.736654',            6.1 , 30.0       , 57.7    ,     54.1,         0,      1991,         1,      37, -57 , -60      ,         100,          2, 1)
(458, '1C:C3:AB:B3:7F:08', 1773930913, '2026-03-19T14:35:14.582392',            6.1 , 32.7       , 51.8    ,     52.2,         0,      1600,         1,     502, -73 , -74      ,         100,          2, 1)
(459, '1C:C3:AB:B3:F2:84', 1773930917, '2026-03-19T14:35:17.859502',            6.1 , 30.0       , 57.6    ,     54.2,         0,      1999,         1,      38, -58 , -61      ,         100,          2, 1)
(460, '1C:C3:AB:B3:7F:08', 1773930924, '2026-03-19T14:35:24.617759',            6.1 , 32.7       , 51.8    ,     52.2,         0,      1600,         1,     503, -66 , -73      ,         100,          2, 1)
(461, '1C:C3:AB:B3:F2:84', 1773930927, '2026-03-19T14:35:27.894688',            6.1 , 30.0       , 57.5    ,     54.1,         0,      1990,         1,      39, -57 , -62      ,         100,          2, 1)
(462, '1C:C3:AB:B3:7F:08', 1773930934, '2026-03-19T14:35:34.653382',            6.1 , 32.7       , 51.8    ,     52.2,         0,      1601,         1,     504, -62 , -71      ,         100,          2, 1)
(463, '1C:C3:AB:B3:F2:84', 1773930937, '2026-03-19T14:35:37.930176',            7.01, 30.1       , 57.5    ,     54.1,         9,      1991,         1,      40, -57 , -61      ,         100,          2, 1)
(464, '1C:C3:AB:B3:7F:08', 1773930944, '2026-03-19T14:35:44.249693',            6.1 , 32.7       , 51.8    ,     51.8,         0,      1515,         1,     505, -67 , -74      ,         100,          2, 1)
(465, '1C:C3:AB:B3:F2:84', 1773930947, '2026-03-19T14:35:47.964934',            6.35, 30.1       , 57.3    ,     54.1,         2,      1991,         1,      41, -57 , -61      ,         100,          2, 1)
(466, '1C:C3:AB:B3:7F:08', 1773930954, '2026-03-19T14:35:54.335089',            6.1 , 32.7       , 51.8    ,     51.9,         0,      1542,         1,     506, -69 , -73      ,         100,          2, 1)
(467, '1C:C3:AB:B3:F2:84', 1773930957, '2026-03-19T14:35:58.000765',            6.1 , 30.1       , 57.2    ,     54.1,         0,      1989,         1,      42, -58 , -61      ,         100,          2, 1)
(468, '1C:C3:AB:B3:7F:08', 1773930964, '2026-03-19T14:36:04.963698',            6.1 , 32.7       , 51.8    ,     52.0,         0,      1562,         1,     507, -73 , -75      ,         100,          2, 1)
(469, '1C:C3:AB:B3:F2:84', 1773930967, '2026-03-19T14:36:07.645405',            6.1 , 30.2       , 57.2    ,     54.1,         0,      1993,         1,      43, -57 , -62      ,         100,          2, 1)
(470, '1C:C3:AB:B3:7F:08', 1773930974, '2026-03-19T14:36:14.444839',            6.1 , 32.7       , 51.8    ,     52.1,         0,      1573,         1,     508, -68 , -73      ,         100,          2, 1)
(471, '1C:C3:AB:B3:F2:84', 1773930977, '2026-03-19T14:36:18.275934',            6.1 , 30.2       , 57.1    ,     54.1,         0,      1993,         1,      44, -57 , -61      ,         100,          2, 1)
(472, '1C:C3:AB:B3:7F:08', 1773930984, '2026-03-19T14:36:25.239467',            6.1 , 32.7       , 51.8    ,     52.1,         0,      1581,         1,     509, -71 , -73      ,         100,          2, 1)
(473, '1C:C3:AB:B3:F2:84', 1773930987, '2026-03-19T14:36:28.214441',            6.1 , 30.2       , 57.0    ,     54.1,         0,      1993,         1,      45, -60 , -64      ,         100,          2, 1)
(474, '1C:C3:AB:B3:7F:08', 1773930994, '2026-03-19T14:36:35.176688',            6.1 , 32.7       , 51.8    ,     52.1,         0,      1584,         1,     510, -65 , -70      ,         100,          2, 1)
(475, '1C:C3:AB:B3:F2:84', 1773930997, '2026-03-19T14:36:37.889414',            6.1 , 30.2       , 56.9    ,     54.1,         0,      1993,         1,      46, -59 , -62      ,         100,          2, 1)
(476, '1C:C3:AB:B3:7F:08', 1773931004, '2026-03-19T14:36:45.007349',            6.1 , 32.7       , 51.8    ,     52.1,         0,      1585,         1,     511, -63 , -67      ,         100,          2, 1)
(477, '1C:C3:AB:B3:F2:84', 1773931007, '2026-03-19T14:36:48.381881',            6.1 , 30.3       , 56.8    ,     54.1,         0,      1991,         1,      47, -58 , -62      ,         100,          2, 1)
(478, '1C:C3:AB:B3:7F:08', 1773931014, '2026-03-19T14:36:54.754139',            6.1 , 32.7       , 51.8    ,     52.2,         0,      1589,         1,     512, -63 , -71      ,         100,          2, 1)
(479, '1C:C3:AB:B3:F2:84', 1773931017, '2026-03-19T14:36:58.417020',            6.1 , 30.3       , 56.7    ,     54.1,         0,      1994,         1,      48, -59 , -62      ,         100,          2, 1)
(480, '1C:C3:AB:B3:7F:08', 1773931024, '2026-03-19T14:37:04.885684',            6.1 , 32.7       , 51.8    ,     52.2,         0,      1590,         1,     513, -65 , -67      ,         100,          2, 1)
(481, '1C:C3:AB:B3:F2:84', 1773931027, '2026-03-19T14:37:08.003862',            6.1 , 30.3       , 56.6    ,     54.1,         0,      1993,         1,      49, -58 , -60      ,         100,          2, 1)
(482, '1C:C3:AB:B3:7F:08', 1773931034, '2026-03-19T14:37:15.415527',            6.1 , 32.6       , 51.9    ,     52.2,         0,      1591,         1,     514, -58 , -59      ,         100,          2, 1)
(483, '1C:C3:AB:B3:F2:84', 1773931037, '2026-03-19T14:37:18.064454',            6.1 , 30.4       , 56.6    ,     54.1,         0,      1993,         1,      50, -57 , -62      ,         100,          2, 1)
(484, '1C:C3:AB:B3:7F:08', 1773931044, '2026-03-19T14:37:25.450883',            6.1 , 32.6       , 51.9    ,     52.2,         0,      1594,         1,     515, -56 , -60      ,         100,          2, 1)
(485, '1C:C3:AB:B3:F2:84', 1773931048, '2026-03-19T14:37:28.829967',            6.1 , 30.4       , 56.6    ,     54.1,         0,      1993,         1,      51, -57 , -61      ,         100,          2, 1)
(486, '1C:C3:AB:B3:7F:08', 1773931054, '2026-03-19T14:37:35.196297',            6.1 , 32.6       , 52.0    ,     52.2,         0,      1593,         1,     516, -57 , -61      ,         100,          2, 1)
(487, '1C:C3:AB:B3:F2:84', 1773931058, '2026-03-19T14:37:38.469465',            6.1 , 30.4       , 56.6    ,     54.1,         0,      1993,         1,      52, -57 , -61      ,         100,          2, 1)
(488, '1C:C3:AB:B3:7F:08', 1773931064, '2026-03-19T14:37:45.032951',            6.1 , 32.6       , 52.0    ,     52.2,         0,      1594,         1,     517, -56 , -59      ,         100,          2, 1)
(489, '1C:C3:AB:B3:F2:84', 1773931068, '2026-03-19T14:37:48.309778',            6.1 , 30.5       , 56.5    ,     54.1,         0,      1995,         1,      53, -58 , -61      ,         100,          2, 1)
(490, '1C:C3:AB:B3:7F:08', 1773931075, '2026-03-19T14:37:55.659421',            6.1 , 32.6       , 52.1    ,     52.2,         0,      1595,         1,     518, -56 , -60      ,         100,          2, 1)
(491, '1C:C3:AB:B3:F2:84', 1773931078, '2026-03-19T14:37:59.038531',            6.1 , 30.5       , 56.5    ,     54.1,         0,      1995,         1,      54, -57 , -61      ,         100,          2, 1)
(492, '1C:C3:AB:B3:7F:08', 1773931085, '2026-03-19T14:38:05.200372',            6.1 , 32.6       , 52.1    ,     52.2,         0,      1600,         1,     519, -56 , -60      ,         100,          2, 1)
(493, '1C:C3:AB:B3:F2:84', 1773931088, '2026-03-19T14:38:08.971226',            6.1 , 30.5       , 56.5    ,     54.1,         0,      1994,         1,      55, -57 , -61      ,         100,          2, 1)
(494, '1C:C3:AB:B3:7F:08', 1773931095, '2026-03-19T14:38:15.853460',            6.1 , 32.6       , 52.1    ,     52.2,         0,      1597,         1,     520, -56 , -60      ,         100,          2, 1)
(495, '1C:C3:AB:B3:F2:84', 1773931098, '2026-03-19T14:38:18.456105',            6.1 , 30.5       , 56.4    ,     54.1,         0,      1994,         1,      56, -58 , -62      ,         100,          2, 1)
(496, '1C:C3:AB:B3:7F:08', 1773931105, '2026-03-19T14:38:25.807348',            6.1 , 32.6       , 52.1    ,     52.2,         0,      1599,         1,     521, -57 , -58      ,         100,          2, 1)
(497, '1C:C3:AB:B3:F2:84', 1773931108, '2026-03-19T14:38:28.545326',            6.1 , 30.6       , 56.5    ,     54.1,         0,      1994,         1,      57, -58 , -60      ,         100,          2, 1)
(498, '1C:C3:AB:B3:7F:08', 1773931115, '2026-03-19T14:38:35.902374',            6.1 , 32.6       , 52.1    ,     52.2,         0,      1599,         1,     522, -57 , -58      ,         100,          2, 1)
(499, '1C:C3:AB:B3:F2:84', 1773931118, '2026-03-19T14:38:39.178548',            6.1 , 30.6       , 56.5    ,     54.1,         0,      1995,         1,      58, -57 , -61      ,         100,          2, 1)
(500, '1C:C3:AB:B3:7F:08', 1773931125, '2026-03-19T14:38:45.437676',            6.1 , 32.6       , 52.1    ,     52.2,         0,      1599,         1,     523, -53 , -66      ,         100,          2, 1)
(501, '1C:C3:AB:B3:F2:84', 1773931128, '2026-03-19T14:38:49.214771',            6.1 , 30.6       , 56.4    ,     54.1,         0,      1993,         1,      59, -56 , -58      ,         100,          2, 1)
(502, '1C:C3:AB:B3:7F:08', 1773931135, '2026-03-19T14:38:55.973005',            6.1 , 32.6       , 52.1    ,     52.2,         0,      1601,         1,     524, -63 , -65      ,         100,          2, 1)
(503, '1C:C3:AB:B3:F2:84', 1773931138, '2026-03-19T14:38:59.252025',            6.1 , 30.6       , 56.3    ,     54.1,         0,      1994,         1,      60, -56 , -58      ,         100,          2, 1)
(504, '1C:C3:AB:B3:7F:08', 1773931145, '2026-03-19T14:39:06.008255',            6.1 , 32.6       , 52.1    ,     52.3,         0,      1605,         1,     525, -64 , -65      ,         100,          2, 1)
(505, '1C:C3:AB:B3:F2:84', 1773931148, '2026-03-19T14:39:09.287972',            6.1 , 30.7       , 56.0    ,     54.1,         0,      1994,         1,      61, -56 , -58      ,         100,          2, 1)
(506, '1C:C3:AB:B3:7F:08', 1773931155, '2026-03-19T14:39:15.762137',            6.1 , 32.6       , 52.1    ,     52.2,         0,      1604,         1,     526, -64 , -69      ,         100,          2, 1)
(507, '1C:C3:AB:B3:F2:84', 1773931158, '2026-03-19T14:39:19.224799',            6.1 , 30.7       , 55.8    ,     54.2,         0,      1997,         1,      62, -56 , -58      ,         100,          2, 1)
(508, '1C:C3:AB:B3:7F:08', 1773931165, '2026-03-19T14:39:26.488874',            6.1 , 32.6       , 52.0    ,     52.3,         0,      1606,         1,     527, -68 , -68      ,         100,          2, 1)
(509, '1C:C3:AB:B3:F2:84', 1773931168, '2026-03-19T14:39:29.062079',            6.1 , 30.8       , 55.6    ,     54.2,         0,      1998,         1,      63, -56 , -58      ,         100,          2, 1)
(510, '1C:C3:AB:B3:7F:08', 1773931175, '2026-03-19T14:39:35.783840',            6.1 , 32.6       , 52.0    ,     52.3,         0,      1606,         1,     528, -67 , -70      ,         100,          2, 1)
(511, '1C:C3:AB:B3:F2:84', 1773931178, '2026-03-19T14:39:39.003759',            6.1 , 30.8       , 55.5    ,     54.1,         0,      1996,         1,      64, -57 , -57      ,         100,          2, 1)
(512, '1C:C3:AB:B3:7F:08', 1773931185, '2026-03-19T14:39:46.047183',            6.1 , 32.6       , 52.0    ,     52.3,         0,      1606,         1,     529, -65 , -67      ,         100,          2, 1)
(513, '1C:C3:AB:B3:F2:84', 1773931188, '2026-03-19T14:39:49.653044',            6.1 , 30.8       , 55.5    ,     54.1,         0,      1995,         1,      65, -55 , -58      ,         100,          2, 1)
(514, '1C:C3:AB:B3:7F:08', 1773931195, '2026-03-19T14:39:56.096622',            6.1 , 32.6       , 52.0    ,     52.3,         0,      1611,         1,     530, -62 , -67      ,         100,          2, 1)
(515, '1C:C3:AB:B3:F2:84', 1773931199, '2026-03-19T14:39:59.768599',            6.1 , 30.8       , 55.4    ,     54.2,         0,      1997,         1,      66, -55 , -58      ,         100,          2, 1)
(516, '1C:C3:AB:B3:7F:08', 1773931205, '2026-03-19T14:40:06.141227',            6.1 , 32.6       , 52.0    ,     52.3,         0,      1610,         1,     531, -65 , -68      ,         100,          2, 1)
(517, '1C:C3:AB:B3:F2:84', 1773931209, '2026-03-19T14:40:09.816898',            6.1 , 30.9       , 55.3    ,     54.1,         0,      1996,         1,      67, -55 , -58      ,         100,          2, 1)
(518, '1C:C3:AB:B3:7F:08', 1773931215, '2026-03-19T14:40:16.125736',            6.1 , 32.6       , 52.0    ,     52.3,         0,      1613,         1,     532, -65 , -69      ,         100,          2, 1)
(519, '1C:C3:AB:B3:F2:84', 1773931219, '2026-03-19T14:40:19.737065',            6.1 , 30.9       , 55.2    ,     54.2,         0,      1997,         1,      68, -56 , -58      ,         100,          2, 1)
(520, '1C:C3:AB:B3:7F:08', 1773931225, '2026-03-19T14:40:26.116823',            6.1 , 32.6       , 52.0    ,     52.3,         0,      1612,         1,     533, -65 , -70      ,         100,          2, 1)
(521, '1C:C3:AB:B3:F2:84', 1773931229, '2026-03-19T14:40:29.306417',            6.1 , 30.9       , 55.1    ,     54.2,         0,      1998,         1,      69, -56 , -58      ,         100,          2, 1)
(522, '1C:C3:AB:B3:7F:08', 1773931236, '2026-03-19T14:40:36.841250',            6.1 , 32.6       , 52.0    ,     52.3,         0,      1614,         1,     534, -64 , -68      ,         100,          2, 1)
(523, '1C:C3:AB:B3:F2:84', 1773931239, '2026-03-19T14:40:39.807458',            6.1 , 30.9       , 55.0    ,     54.2,         0,      1998,         1,      70, -56 , -58      ,         100,          2, 1)
(524, '1C:C3:AB:B3:7F:08', 1773931246, '2026-03-19T14:40:46.381637',            6.1 , 32.6       , 52.0    ,     52.3,         0,      1615,         1,     535, -65 , -66      ,         100,          2, 1)
(525, '1C:C3:AB:B3:F2:84', 1773931249, '2026-03-19T14:40:49.557616',            6.1 , 30.9       , 54.9    ,     54.2,         0,      1998,         1,      71, -55 , -59      ,         100,          2, 1)
(526, '1C:C3:AB:B3:7F:08', 1773931256, '2026-03-19T14:40:56.909598',            6.1 , 32.6       , 52.0    ,     52.3,         0,      1616,         1,     536, -66 , -67      ,         100,          2, 1)
(527, '1C:C3:AB:B3:F2:84', 1773931259, '2026-03-19T14:41:00.307546',            6.1 , 30.9       , 54.8    ,     54.2,         0,      1997,         1,      72, -56 , -57      ,         100,          2, 1)
(528, '1C:C3:AB:B3:7F:08', 1773931266, '2026-03-19T14:41:06.347233',            6.1 , 32.5       , 52.1    ,     52.3,         0,      1615,         1,     537, -65 , -68      ,         100,          2, 1)
(529, '1C:C3:AB:B3:F2:84', 1773931269, '2026-03-19T14:41:10.221290',            6.1 , 30.9       , 54.8    ,     54.2,         0,      1999,         1,      73, -56 , -58      ,         100,          2, 1)
(530, '1C:C3:AB:B3:7F:08', 1773931276, '2026-03-19T14:41:16.876593',            6.1 , 32.5       , 52.1    ,     52.3,         0,      1616,         1,     538, -64 , -66      ,         100,          2, 1)
(531, '1C:C3:AB:B3:F2:84', 1773931279, '2026-03-19T14:41:20.153464',            6.1 , 30.9       , 54.8    ,     54.2,         0,      1999,         1,      74, -56 , -57      ,         100,          2, 1)
(532, '1C:C3:AB:B3:7F:08', 1773931286, '2026-03-19T14:41:26.514330',            6.1 , 32.5       , 52.1    ,     52.3,         0,      1616,         1,     539, -65 , -67      ,         100,          2, 1)
(533, '1C:C3:AB:B3:F2:84', 1773931289, '2026-03-19T14:41:29.689409',            6.1 , 31.0       , 54.6    ,     54.2,         0,      1999,         1,      75, -55 , -58      ,         100,          2, 1)
(534, '1C:C3:AB:B3:7F:08', 1773931296, '2026-03-19T14:41:36.551204',            6.1 , 32.5       , 52.1    ,     52.3,         0,      1616,         1,     540, -67 , -67      ,         100,          2, 1)
(535, '1C:C3:AB:B3:F2:84', 1773931299, '2026-03-19T14:41:40.223736',            6.1 , 31.0       , 54.5    ,     54.2,         0,      2000,         1,      76, -55 , -58      ,         100,          2, 1)
(536, '1C:C3:AB:B3:7F:08', 1773931306, '2026-03-19T14:41:47.090939',            6.1 , 32.5       , 52.1    ,     52.3,         0,      1617,         1,     541, -65 , -70      ,         100,          2, 1)
(537, '1C:C3:AB:B3:F2:84', 1773931309, '2026-03-19T14:41:49.864336',            6.1 , 31.0       , 54.5    ,     54.2,         0,      1999,         1,      77, -56 , -60      ,         100,          2, 1)
(538, '1C:C3:AB:B3:7F:08', 1773931316, '2026-03-19T14:41:57.222509',            6.1 , 32.5       , 52.1    ,     52.3,         0,      1619,         1,     542, -61 , -66      ,         100,          2, 1)
(539, '1C:C3:AB:B3:F2:84', 1773931319, '2026-03-19T14:42:00.499087',            6.1 , 31.0       , 54.4    ,     54.2,         0,      2000,         1,      78, -57 , -57      ,         100,          2, 1)
(540, '1C:C3:AB:B3:7F:08', 1773931326, '2026-03-19T14:42:07.257938',            6.1 , 32.5       , 52.1    ,     52.3,         0,      1619,         1,     543, -61 , -64      ,         100,          2, 1)
(541, '1C:C3:AB:B3:F2:84', 1773931329, '2026-03-19T14:42:10.534360',            6.1 , 31.0       , 54.4    ,     54.2,         0,      2004,         1,      79, -57 , -57      ,         100,          2, 1)
(542, '1C:C3:AB:B3:7F:08', 1773931336, '2026-03-19T14:42:17.293363',            6.1 , 32.5       , 52.1    ,     52.3,         0,      1620,         1,     544, -65 , -69      ,         100,          2, 1)
(543, '1C:C3:AB:B3:F2:84', 1773931339, '2026-03-19T14:42:20.046141',            6.1 , 31.1       , 54.3    ,     54.2,         0,      2000,         1,      80, -55 , -58      ,         100,          2, 1)
(544, '1C:C3:AB:B3:7F:08', 1773931346, '2026-03-19T14:42:27.329787',            6.1 , 32.5       , 52.1    ,     52.3,         0,      1622,         1,     545, -66 , -66      ,         100,          2, 1)
(545, '1C:C3:AB:B3:F2:84', 1773931349, '2026-03-19T14:42:30.515102',            6.1 , 31.0       , 54.3    ,     54.2,         0,      2000,         1,      81, -58 , -58      ,         100,          2, 1)
(546, '1C:C3:AB:B3:7F:08', 1773931356, '2026-03-19T14:42:36.973488',            6.1 , 32.5       , 52.1    ,     52.3,         0,      1622,         1,     546, -65 , -67      ,         100,          2, 1)
(547, '1C:C3:AB:B3:F2:84', 1773931360, '2026-03-19T14:42:40.743295',            6.1 , 31.1       , 54.3    ,     54.2,         0,      2000,         1,      82, -56 , -57      ,         100,          2, 1)
(548, '1C:C3:AB:B3:7F:08', 1773931366, '2026-03-19T14:42:47.603891',            6.1 , 32.5       , 52.2    ,     52.3,         0,      1622,         1,     547, -64 , -66      ,         100,          2, 1)
(549, '1C:C3:AB:B3:F2:84', 1773931370, '2026-03-19T14:42:50.675481',            6.1 , 31.1       , 54.2    ,     54.2,         0,      2000,         1,      83, -56 , -57      ,         100,          2, 1)
(550, '1C:C3:AB:B3:7F:08', 1773931376, '2026-03-19T14:42:57.061297',            6.1 , 32.5       , 52.2    ,     52.4,         0,      1625,         1,     548, -66 , -67      ,         100,          2, 1)
(551, '1C:C3:AB:B3:F2:84', 1773931380, '2026-03-19T14:43:00.314028',            6.1 , 31.1       , 54.2    ,     54.2,         0,      2000,         1,      84, -56 , -58      ,         100,          2, 1)
(552, '1C:C3:AB:B3:7F:08', 1773931387, '2026-03-19T14:43:07.674164',            6.1 , 32.5       , 52.2    ,     52.4,         0,      1627,         1,     549, -56 , -59      ,         100,          2, 1)
(553, '1C:C3:AB:B3:F2:84', 1773931390, '2026-03-19T14:43:10.951298',            6.1 , 31.1       , 54.1    ,     54.2,         0,      2000,         1,      85, -56 , -58      ,         100,          2, 1)
(554, '1C:C3:AB:B3:7F:08', 1773931397, '2026-03-19T14:43:17.709704',            6.1 , 32.5       , 52.2    ,     52.4,         0,      1626,         1,     550, -56 , -59      ,         100,          2, 1)
(555, '1C:C3:AB:B3:F2:84', 1773931400, '2026-03-19T14:43:20.986214',            6.1 , 31.1       , 54.1    ,     54.2,         0,      2000,         1,      86, -56 , -59      ,         100,          2, 1)
(556, '1C:C3:AB:B3:7F:08', 1773931407, '2026-03-19T14:43:27.744973',            6.1 , 32.5       , 52.3    ,     52.4,         0,      1626,         1,     551, -55 , -58      ,         100,          2, 1)
(557, '1C:C3:AB:B3:F2:84', 1773931410, '2026-03-19T14:43:30.918965',            6.1 , 31.2       , 54.2    ,     54.2,         0,      2000,         1,      87, -56 , -59      ,         100,          2, 1)
(558, '1C:C3:AB:B3:7F:08', 1773931417, '2026-03-19T14:43:37.779919',            6.1 , 32.5       , 52.4    ,     52.4,         0,      1627,         1,     552, -55 , -57      ,         100,          2, 1)
(559, '1C:C3:AB:B3:F2:84', 1773931420, '2026-03-19T14:43:41.056898',            6.1 , 31.2       , 54.2    ,     54.2,         0,      2001,         1,      88, -57 , -59      ,         100,          2, 1)
(560, '1C:C3:AB:B3:7F:08', 1773931427, '2026-03-19T14:43:47.418677',            6.1 , 32.5       , 52.4    ,     52.4,         0,      1629,         1,     553, -55 , -57      ,         100,          2, 1)
(561, '1C:C3:AB:B3:F2:84', 1773931430, '2026-03-19T14:43:51.091867',            6.1 , 31.2       , 54.2    ,     54.2,         0,      2001,         1,      89, -57 , -59      ,         100,          2, 1)
(562, '1C:C3:AB:B3:7F:08', 1773931437, '2026-03-19T14:43:58.157237',            6.1 , 32.5       , 52.4    ,     52.4,         0,      1631,         1,     554, -55 , -57      ,         100,          2, 1)
(563, '1C:C3:AB:B3:F2:84', 1773931440, '2026-03-19T14:44:00.688379',            6.1 , 31.2       , 54.1    ,     54.2,         0,      2001,         1,      90, -57 , -58      ,         100,          2, 1)
(564, '1C:C3:AB:B3:7F:08', 1773931447, '2026-03-19T14:44:08.090570',            6.1 , 32.5       , 52.4    ,     52.4,         0,      1632,         1,     555, -55 , -58      ,         100,          2, 1)
(565, '1C:C3:AB:B3:F2:84', 1773931450, '2026-03-19T14:44:10.885839',            6.1 , 31.2       , 54.1    ,     54.2,         0,      2000,         1,      91, -56 , -58      ,         100,          2, 1)
(566, '1C:C3:AB:B3:7F:08', 1773931457, '2026-03-19T14:44:17.641296',            6.1 , 32.5       , 52.4    ,     52.4,         0,      1632,         1,     556, -55 , -58      ,         100,          2, 1)
(567, '1C:C3:AB:B3:F2:84', 1773931460, '2026-03-19T14:44:20.803436',            6.1 , 31.2       , 54.1    ,     54.2,         0,      2002,         1,      92, -56 , -58      ,         100,          2, 1)
(568, '1C:C3:AB:B3:7F:08', 1773931467, '2026-03-19T14:44:28.263584',            6.1 , 32.5       , 52.4    ,     52.4,         0,      1632,         1,     557, -55 , -58      ,         100,          2, 1)
(569, '1C:C3:AB:B3:F2:84', 1773931470, '2026-03-19T14:44:31.240772',            6.1 , 31.3       , 54.0    ,     54.2,         0,      2001,         1,      93, -57 , -59      ,         100,          2, 1)
(570, '1C:C3:AB:B3:7F:08', 1773931477, '2026-03-19T14:44:38.196844',            6.1 , 32.5       , 52.5    ,     52.4,         0,      1633,         1,     558, -56 , -57      ,         100,          2, 1)
(571, '1C:C3:AB:B3:F2:84', 1773931480, '2026-03-19T14:44:41.575987',            6.1 , 31.3       , 53.9    ,     54.2,         0,      2005,         1,      94, -57 , -59      ,         100,          2, 1)
(572, '1C:C3:AB:B3:7F:08', 1773931487, '2026-03-19T14:44:48.334340',            6.1 , 32.5       , 52.5    ,     52.4,         0,      1633,         1,     559, -57 , -60      ,         100,          2, 1)
(573, '1C:C3:AB:B3:F2:84', 1773931490, '2026-03-19T14:44:51.508424',            6.1 , 31.3       , 53.9    ,     54.2,         0,      2003,         1,      95, -58 , -59      ,         100,          2, 1)
(574, '1C:C3:AB:B3:7F:08', 1773931497, '2026-03-19T14:44:57.870839',            6.1 , 32.5       , 52.6    ,     52.4,         0,      1633,         1,     560, -58 , -59      ,         100,          2, 1)
(575, '1C:C3:AB:B3:F2:84', 1773931500, '2026-03-19T14:45:01.543714',            6.1 , 31.3       , 53.9    ,     54.2,         0,      2004,         1,      96, -57 , -59      ,         100,          2, 1)
(576, '1C:C3:AB:B3:7F:08', 1773931507, '2026-03-19T14:45:08.421234',            6.1 , 32.5       , 52.6    ,     52.4,         0,      1634,         1,     561, -57 , -58      ,         100,          2, 1)
(577, '1C:C3:AB:B3:F2:84', 1773931511, '2026-03-19T14:45:11.783844',            6.1 , 31.4       , 53.9    ,     54.2,         0,      2004,         1,      97, -57 , -60      ,         100,          2, 1)
(578, '1C:C3:AB:B3:7F:08', 1773931517, '2026-03-19T14:45:18.543187',            6.1 , 32.5       , 52.5    ,     52.4,         0,      1635,         1,     562, -70 , -66      ,         100,          2, 1)
(579, '1C:C3:AB:B3:F2:84', 1773931521, '2026-03-19T14:45:21.220516',            6.1 , 31.4       , 53.9    ,     54.2,         0,      2004,         1,      98, -58 , -59      ,         100,          2, 1)
(580, '1C:C3:AB:B3:7F:08', 1773931527, '2026-03-19T14:45:28.577411',            6.1 , 32.5       , 52.5    ,     52.4,         0,      1636,         1,     563, -64 , -60      ,         100,          2, 1)
(581, '1C:C3:AB:B3:F2:84', 1773931531, '2026-03-19T14:45:31.854569',            6.1 , 31.4       , 53.8    ,     54.2,         0,      2004,         1,      99, -58 , -60      ,         100,          2, 1)
(582, '1C:C3:AB:B3:7F:08', 1773931538, '2026-03-19T14:45:38.920185',            6.1 , 32.5       , 52.5    ,     52.4,         0,      1637,         1,     564, -61 , -63      ,         100,          2, 1)
(583, '1C:C3:AB:B3:F2:84', 1773931541, '2026-03-19T14:45:41.689741',            6.1 , 31.4       , 53.6    ,     54.2,         0,      2003,         1,     100, -57 , -60      ,         100,          2, 1)
(584, '1C:C3:AB:B3:7F:08', 1773931548, '2026-03-19T14:45:48.866679',            6.1 , 32.5       , 52.4    ,     52.4,         0,      1637,         1,     565, -61 , -63      ,         100,          2, 1)
(585, '1C:C3:AB:B3:F2:84', 1773931551, '2026-03-19T14:45:51.729088',            6.1 , 31.4       , 53.6    ,     54.2,         0,      2005,         1,     101, -58 , -59      ,         100,          2, 1)
(586, '1C:C3:AB:B3:7F:08', 1773931558, '2026-03-19T14:45:58.714331',            6.1 , 32.5       , 52.4    ,     52.4,         0,      1639,         1,     566, -62 , -77      ,         100,          2, 1)
(587, '1C:C3:AB:B3:F2:84', 1773931561, '2026-03-19T14:46:01.666292',            6.1 , 31.4       , 53.6    ,     54.2,         0,      2005,         1,     102, -57 , -58      ,         100,          2, 1)
(588, '1C:C3:AB:B3:7F:08', 1773931568, '2026-03-19T14:46:08.321019',            6.1 , 32.5       , 52.4    ,     52.4,         0,      1639,         1,     567, -59 , -63      ,         100,          2, 1)
(589, '1C:C3:AB:B3:F2:84', 1773931571, '2026-03-19T14:46:11.995361',            6.1 , 31.4       , 53.5    ,     54.2,         0,      2005,         1,     103, -57 , -60      ,         100,          2, 1)
(590, '1C:C3:AB:B3:7F:08', 1773931578, '2026-03-19T14:46:19.163940',            6.1 , 32.5       , 52.4    ,     52.4,         0,      1641,         1,     568, -63 , -66      ,         100,          2, 1)
(591, '1C:C3:AB:B3:F2:84', 1773931581, '2026-03-19T14:46:21.832720',            6.1 , 31.4       , 53.4    ,     54.2,         0,      2007,         1,     104, -58 , -60      ,         100,          2, 1)
(592, '1C:C3:AB:B3:7F:08', 1773931588, '2026-03-19T14:46:28.994039',            6.1 , 32.5       , 52.4    ,     52.5,         0,      1643,         1,     569, -65 , -68      ,         100,          2, 1)
(593, '1C:C3:AB:B3:F2:84', 1773931591, '2026-03-19T14:46:31.671229',            6.1 , 31.4       , 53.4    ,     54.2,         0,      2005,         1,     105, -57 , -60      ,         100,          2, 1)
(594, '1C:C3:AB:B3:7F:08', 1773931598, '2026-03-19T14:46:39.029904',            6.1 , 32.5       , 52.4    ,     52.5,         0,      1645,         1,     570, -64 , -62      ,         100,          2, 1)
(595, '1C:C3:AB:B3:F2:84', 1773931601, '2026-03-19T14:46:42.511057',            6.1 , 31.4       , 53.4    ,     54.2,         0,      2006,         1,     106, -57 , -59      ,         100,          2, 1)
(596, '1C:C3:AB:B3:7F:08', 1773931608, '2026-03-19T14:46:49.064781',            6.1 , 32.5       , 52.4    ,     52.5,         0,      1645,         1,     571, -62 , -65      ,         100,          2, 1)
(597, '1C:C3:AB:B3:F2:84', 1773931611, '2026-03-19T14:46:52.342008',            6.1 , 31.4       , 53.3    ,     54.2,         0,      2006,         1,     107, -58 , -59      ,         100,          2, 1)
(598, '1C:C3:AB:B3:7F:08', 1773931618, '2026-03-19T14:46:59.099912',            6.1 , 32.5       , 52.4    ,     52.5,         0,      1648,         1,     572, -59 , -65      ,         100,          2, 1)
(599, '1C:C3:AB:B3:F2:84', 1773931621, '2026-03-19T14:47:02.377197',            6.1 , 31.4       , 53.3    ,     54.2,         0,      2007,         1,     108, -57 , -59      ,         100,          2, 1)
(600, '1C:C3:AB:B3:7F:08', 1773931628, '2026-03-19T14:47:08.744524',            6.1 , 32.5       , 52.4    ,     52.5,         0,      1647,         1,     573, -63 , -63      ,         100,          2, 1)
(601, '1C:C3:AB:B3:F2:84', 1773931631, '2026-03-19T14:47:12.514468',            6.1 , 31.4       , 53.2    ,     54.2,         0,      2009,         1,     109, -57 , -59      ,         100,          2, 1)
(602, '1C:C3:AB:B3:7F:08', 1773931638, '2026-03-19T14:47:18.774761',            6.1 , 32.5       , 52.4    ,     52.5,         0,      1648,         1,     574, -61 , -63      ,         100,          2, 1)
(603, '1C:C3:AB:B3:F2:84', 1773931641, '2026-03-19T14:47:22.447230',            6.1 , 31.4       , 53.2    ,     54.2,         0,      2007,         1,     110, -58 , -61      ,         100,          2, 1)
(604, '1C:C3:AB:B3:7F:08', 1773931648, '2026-03-19T14:47:29.410549',            6.1 , 32.5       , 52.4    ,     52.5,         0,      1648,         1,     575, -60 , -63      ,         100,          2, 1)
(605, '1C:C3:AB:B3:F2:84', 1773931651, '2026-03-19T14:47:32.087978',            6.1 , 31.4       , 53.3    ,     54.2,         0,      2010,         1,     111, -58 , -60      ,         100,          2, 1)
(606, '1C:C3:AB:B3:7F:08', 1773931658, '2026-03-19T14:47:39.051390',            6.1 , 32.5       , 52.4    ,     52.5,         0,      1648,         1,     576, -66 , -72      ,         100,          2, 1)
(607, '1C:C3:AB:B3:F2:84', 1773931662, '2026-03-19T14:47:42.124358',            6.1 , 31.4       , 53.3    ,     54.2,         0,      2007,         1,     112, -58 , -61      ,         100,          2, 1)
(608, '1C:C3:AB:B3:7F:08', 1773931668, '2026-03-19T14:47:49.481446',            6.1 , 32.5       , 52.4    ,     52.5,         0,      1648,         1,     577, -62 , -64      ,         100,          2, 1)
(609, '1C:C3:AB:B3:F2:84', 1773931672, '2026-03-19T14:47:52.762754',            6.1 , 31.4       , 53.2    ,     54.2,         0,      2010,         1,     113, -57 , -59      ,         100,          2, 1)
(610, '1C:C3:AB:B3:7F:08', 1773931678, '2026-03-19T14:47:59.542624',            6.1 , 32.5       , 52.5    ,     52.5,         0,      1648,         1,     578, -63 , -65      ,         100,          2, 1)
(611, '1C:C3:AB:B3:F2:84', 1773931682, '2026-03-19T14:48:02.690938',            6.1 , 31.4       , 53.1    ,     54.2,         0,      2009,         1,     114, -57 , -60      ,         100,          2, 1)
(612, '1C:C3:AB:B3:7F:08', 1773931688, '2026-03-19T14:48:09.554361',            6.1 , 32.5       , 52.5    ,     52.5,         0,      1648,         1,     579, -61 , -62      ,         100,          2, 1)
(613, '1C:C3:AB:B3:F2:84', 1773931692, '2026-03-19T14:48:12.828577',            6.1 , 31.4       , 53.1    ,     54.2,         0,      2010,         1,     115, -57 , -59      ,         100,          2, 1)
(614, '1C:C3:AB:B3:7F:08', 1773931699, '2026-03-19T14:48:19.193810',            6.1 , 32.5       , 52.5    ,     52.5,         0,      1650,         1,     580, -62 , -64      ,         100,          2, 1)
(615, '1C:C3:AB:B3:F2:84', 1773931702, '2026-03-19T14:48:23.068436',            6.1 , 31.4       , 53.1    ,     54.2,         0,      2011,         1,     116, -57 , -59      ,         100,          2, 1)
(616, '1C:C3:AB:B3:7F:08', 1773931709, '2026-03-19T14:48:29.827493',            6.1 , 32.5       , 52.5    ,     52.5,         0,      1651,         1,     581, -62 , -65      ,         100,          2, 1)
(617, '1C:C3:AB:B3:F2:84', 1773931712, '2026-03-19T14:48:33.102805',            6.1 , 31.4       , 53.1    ,     54.2,         0,      2011,         1,     117, -57 , -59      ,         100,          2, 1)
(618, '1C:C3:AB:B3:7F:08', 1773931719, '2026-03-19T14:48:39.766746',            6.1 , 32.5       , 52.5    ,     52.5,         0,      1653,         1,     582, -61 , -63      ,         100,          2, 1)
(619, '1C:C3:AB:B3:F2:84', 1773931722, '2026-03-19T14:48:42.537394',            6.1 , 31.5       , 53.0    ,     54.2,         0,      2011,         1,     118, -57 , -59      ,         100,          2, 1)
(620, '1C:C3:AB:B3:7F:08', 1773931729, '2026-03-19T14:48:50.102354',            6.1 , 32.5       , 52.5    ,     52.5,         0,      1652,         1,     583, -62 , -61      ,         100,          2, 1)
(621, '1C:C3:AB:B3:F2:84', 1773931732, '2026-03-19T14:48:52.582493',            6.1 , 31.5       , 53.0    ,     54.2,         0,      2011,         1,     119, -56 , -60      ,         100,          2, 1)
(622, '1C:C3:AB:B3:7F:08', 1773931739, '2026-03-19T14:48:59.933285',            6.1 , 32.4       , 52.6    ,     52.5,         0,      1654,         1,     584, -60 , -62      ,         100,          2, 1)
(623, '1C:C3:AB:B3:F2:84', 1773931742, '2026-03-19T14:49:03.209658',            6.1 , 31.5       , 53.0    ,     54.2,         0,      2013,         1,     120, -57 , -59      ,         100,          2, 1)
(624, '1C:C3:AB:B3:7F:08', 1773931749, '2026-03-19T14:49:09.968179',            6.1 , 32.4       , 52.6    ,     52.5,         0,      1655,         1,     585, -63 , -61      ,         100,          2, 1)
(625, '1C:C3:AB:B3:F2:84', 1773931752, '2026-03-19T14:49:13.245149',            6.1 , 31.5       , 53.0    ,     54.2,         0,      2013,         1,     121, -59 , -60      ,         100,          2, 1)
(626, '1C:C3:AB:B3:7F:08', 1773931759, '2026-03-19T14:49:20.003655',            6.1 , 32.4       , 52.6    ,     52.5,         0,      1657,         1,     586, -61 , -63      ,         100,          2, 1)
(627, '1C:C3:AB:B3:F2:84', 1773931762, '2026-03-19T14:49:22.783124',            6.1 , 31.5       , 52.9    ,     54.2,         0,      2012,         1,     122, -59 , -61      ,         100,          2, 1)
(628, '1C:C3:AB:B3:7F:08', 1773931769, '2026-03-19T14:49:29.609611',            6.1 , 32.4       , 52.6    ,     52.5,         0,      1658,         1,     587, -60 , -63      ,         100,          2, 1)
(629, '1C:C3:AB:B3:F2:84', 1773931772, '2026-03-19T14:49:33.227365',            6.1 , 31.5       , 52.9    ,     54.2,         0,      2013,         1,     123, -58 , -60      ,         100,          2, 1)
(630, '1C:C3:AB:B3:7F:08', 1773931779, '2026-03-19T14:49:40.278891',            6.1 , 32.4       , 52.7    ,     52.6,         0,      1661,         1,     588, -60 , -69      ,         100,          2, 1)
(631, '1C:C3:AB:B3:F2:84', 1773931782, '2026-03-19T14:49:43.453609',            6.1 , 31.5       , 52.9    ,     54.2,         0,      2013,         1,     124, -58 , -62      ,         100,          2, 1)
(632, '1C:C3:AB:B3:7F:08', 1773931789, '2026-03-19T14:49:50.027953',            6.1 , 32.4       , 52.7    ,     52.6,         0,      1661,         1,     589, -60 , -60      ,         100,          2, 1)
(633, '1C:C3:AB:B3:F2:84', 1773931792, '2026-03-19T14:49:52.994500',            6.1 , 31.5       , 52.9    ,     54.2,         0,      2013,         1,     125, -58 , -60      ,         100,          2, 1)
(634, '1C:C3:AB:B3:7F:08', 1773931799, '2026-03-19T14:50:00.451711',            6.1 , 32.4       , 52.7    ,     52.6,         0,      1662,         1,     590, -58 , -63      ,         100,          2, 1)
(635, '1C:C3:AB:B3:F2:84', 1773931802, '2026-03-19T14:50:03.646358',            6.1 , 31.5       , 52.9    ,     54.2,         0,      2015,         1,     126, -60 , -65      ,         100,          2, 1)
(636, '1C:C3:AB:B3:7F:08', 1773931809, '2026-03-19T14:50:09.887794',            6.1 , 32.4       , 52.7    ,     52.5,         0,      1660,         1,     591, -65 , -63      ,         100,          2, 1)
(637, '1C:C3:AB:B3:F2:84', 1773931812, '2026-03-19T14:50:13.559367',            6.1 , 31.5       , 52.9    ,     54.2,         0,      2015,         1,     127, -59 , -60      ,         100,          2, 1)
(638, '1C:C3:AB:B3:7F:08', 1773931819, '2026-03-19T14:50:19.965607',            6.1 , 32.4       , 52.8    ,     52.6,         0,      1662,         1,     592, -59 , -66      ,         100,          2, 1)
(639, '1C:C3:AB:B3:F2:84', 1773931823, '2026-03-19T14:50:23.799032',            6.1 , 31.5       , 53.0    ,     54.2,         0,      2015,         1,     128, -58 , -61      ,         100,          2, 1)
(640, '1C:C3:AB:B3:7F:08', 1773931829, '2026-03-19T14:50:30.210894',            6.1 , 32.4       , 52.9    ,     52.6,         0,      1663,         1,     593, -70 , -77      ,         100,          2, 1)
(641, '1C:C3:AB:B3:F2:84', 1773931833, '2026-03-19T14:50:33.841743',            6.1 , 31.5       , 53.0    ,     54.2,         0,      2014,         1,     129, -60 , -59      ,         100,          2, 1)
(642, '1C:C3:AB:B3:7F:08', 1773931839, '2026-03-19T14:50:40.094900',            6.1 , 32.4       , 52.9    ,     52.6,         0,      1664,         1,     594, -70 , -71      ,         100,          2, 1)
(643, '1C:C3:AB:B3:F2:84', 1773931843, '2026-03-19T14:50:43.767303',            6.1 , 31.5       , 53.0    ,     54.2,         0,      2017,         1,     130, -60 , -62      ,         100,          2, 1)
(644, '1C:C3:AB:B3:7F:08', 1773931850, '2026-03-19T14:50:50.731790',            6.1 , 32.4       , 52.9    ,     52.6,         0,      1665,         1,     595, -76 , -69      ,         100,          2, 1)
(645, '1C:C3:AB:B3:F2:84', 1773931853, '2026-03-19T14:50:53.904962',            6.1 , 31.5       , 53.0    ,     54.2,         0,      2015,         1,     131, -59 , -62      ,         100,          2, 1)
(646, '1C:C3:AB:B3:7F:08', 1773931860, '2026-03-19T14:51:00.767432',            6.1 , 32.4       , 52.9    ,     52.6,         0,      1665,         1,     596, -53 , -78      ,         100,          2, 1)
(647, '1C:C3:AB:B3:F2:84', 1773931863, '2026-03-19T14:51:03.452657',            6.1 , 31.5       , 52.9    ,     54.2,         0,      2016,         1,     132, -53 , -54      ,         100,          2, 1)
(648, '1C:C3:AB:B3:7F:08', 1773931870, '2026-03-19T14:51:10.407184',            6.1 , 32.4       , 52.9    ,     52.6,         0,      1666,         1,     597, -61 , -59      ,         100,          2, 1)
(649, '1C:C3:AB:B3:F2:84', 1773931873, '2026-03-19T14:51:13.517653',            6.1 , 31.5       , 52.9    ,     54.2,         0,      2016,         1,     133, -65 , -64      ,         100,          2, 1)
(650, '1C:C3:AB:B3:7F:08', 1773931880, '2026-03-19T14:51:20.836459',            6.1 , 32.4       , 52.9    ,     52.6,         0,      1666,         1,     598, -54 , -60      ,         100,          2, 1)
(651, '1C:C3:AB:B3:F2:84', 1773931883, '2026-03-19T14:51:24.114085',            6.1 , 31.5       , 52.9    ,     54.2,         0,      2016,         1,     134, -56 , -57      ,         100,          2, 1)
(652, '1C:C3:AB:B3:7F:08', 1773931890, '2026-03-19T14:51:30.399394',           14.26, 32.4       , 52.9    ,     51.8,        60,      1520,         1,     599, -55 , -52      ,         100,          2, 1)
(653, '1C:C3:AB:B3:F2:84', 1773931893, '2026-03-19T14:51:33.651889',            6.1 , 31.5       , 52.9    ,     54.2,         0,      2018,         1,     135, -64 , -73      ,         100,          2, 1)
(654, '1C:C3:AB:B3:7F:08', 1773931900, '2026-03-19T14:51:40.906778',           15.16, 32.4       , 59.3    ,     50.1,        64,      1259,         1,     600, -46 , -43      ,         100,          2, 1)
(655, '1C:C3:AB:B3:F2:84', 1773931903, '2026-03-19T14:51:43.692448',            6.1 , 31.5       , 52.9    ,     54.2,         0,      2018,         1,     136, -56 , -62      ,         100,          2, 1)
(656, '1C:C3:AB:B3:7F:08', 1773931910, '2026-03-19T14:51:50.551197',            8.01, 32.7       , 78.2    ,     49.6,        17,      1179,         1,     601, -49 , -50      ,         100,          2, 1)
(657, '1C:C3:AB:B3:F2:84', 1773931913, '2026-03-19T14:51:54.219209',            6.1 , 31.5       , 52.9    ,     54.2,         0,      2017,         1,     137, -61 , -59      ,         100,          2, 1)
(658, '1C:C3:AB:B3:7F:08', 1773931920, '2026-03-19T14:52:01.183380',            9.6 , 32.8       , 84.5    ,     49.3,        30,      1136,         1,     602, -50 , -50      ,         100,          2, 1)
(659, '1C:C3:AB:B3:F2:84', 1773931923, '2026-03-19T14:52:04.254678',            6.1 , 31.5       , 52.9    ,     54.2,         0,      2018,         1,     138, -61 , -60      ,         100,          2, 1)
(660, '1C:C3:AB:B3:7F:08', 1773931930, '2026-03-19T14:52:11.221352',            7.15, 33.0       , 88.5    ,     49.9,        10,      1229,         1,     603, -53 , -57      ,         100,          2, 1)
(661, '1C:C3:AB:B3:F2:84', 1773931933, '2026-03-19T14:52:13.898667',            6.1 , 31.5       , 52.9    ,     54.3,         0,      2020,         1,     139, -67 , -70      ,         100,          2, 1)
(662, '1C:C3:AB:B3:7F:08', 1773931940, '2026-03-19T14:52:21.365675',            6.61, 33.0       , 90.2    ,     50.7,         5,      1343,         1,     604, -62 , -62      ,         100,          2, 1)
(663, '1C:C3:AB:B3:F2:84', 1773931943, '2026-03-19T14:52:24.529832',            6.1 , 31.5       , 52.9    ,     54.2,         0,      2019,         1,     140, -63 , -57      ,         100,          2, 1)
(664, '1C:C3:AB:B3:7F:08', 1773931950, '2026-03-19T14:52:31.291712',            6.48, 33.0       , 89.5    ,     51.3,         4,      1440,         1,     605, -62 , -68      ,         100,          2, 1)
(665, '1C:C3:AB:B3:F2:84', 1773931953, '2026-03-19T14:52:34.564962',            6.1 , 31.5       , 52.9    ,     54.2,         0,      2019,         1,     141, -57 , -60      ,         100,          2, 1)
(666, '1C:C3:AB:B3:7F:08', 1773931960, '2026-03-19T14:52:41.323201',            6.35, 32.9       , 87.2    ,     51.7,         3,      1498,         1,     606, -54 , -58      ,         100,          2, 1)
(667, '1C:C3:AB:B3:F2:84', 1773931963, '2026-03-19T14:52:44.600278',            6.1 , 31.5       , 52.9    ,     54.2,         0,      2019,         1,     142, -57 , -58      ,         100,          2, 1)
(668, '1C:C3:AB:B3:7F:08', 1773931970, '2026-03-19T14:52:51.083003',            6.35, 32.8       , 83.9    ,     52.0,         2,      1552,         1,     607, -59 , -60      ,         100,          2, 1)
(669, '1C:C3:AB:B3:F2:84', 1773931974, '2026-03-19T14:52:54.635500',            6.1 , 31.5       , 53.0    ,     54.2,         0,      2019,         1,     143, -56 , -59      ,         100,          2, 1)
(670, '1C:C3:AB:B3:7F:08', 1773931980, '2026-03-19T14:53:00.999789',            6.35, 32.7       , 78.4    ,     52.1,         2,      1586,         1,     608, -55 , -54      ,         100,          2, 1)
(671, '1C:C3:AB:B3:F2:84', 1773931984, '2026-03-19T14:53:04.670836',            6.1 , 31.5       , 53.0    ,     54.3,         0,      2020,         1,     144, -64 , -59      ,         100,          2, 1)
(672, '1C:C3:AB:B3:7F:08', 1773931990, '2026-03-19T14:53:11.633090',            6.23, 32.7       , 75.0    ,     52.3,         1,      1614,         1,     609, -54 , -71      ,         100,          2, 1)
(673, '1C:C3:AB:B3:F2:84', 1773931994, '2026-03-19T14:53:14.705954',            6.1 , 31.5       , 53.0    ,     54.3,         0,      2022,         1,     145, -56 , -72      ,         100,          2, 1)
(674, '1C:C3:AB:B3:7F:08', 1773932001, '2026-03-19T14:53:21.669400',            6.23, 32.7       , 71.5    ,     52.4,         1,      1631,         1,     610, -59 , -55      ,         100,          2, 1)
(675, '1C:C3:AB:B3:F2:84', 1773932004, '2026-03-19T14:53:24.344123',            6.1 , 31.5       , 53.0    ,     54.3,         0,      2022,         1,     146, -60 , -58      ,         100,          2, 1)
(676, '1C:C3:AB:B3:7F:08', 1773932011, '2026-03-19T14:53:31.704806',            6.1 , 32.7       , 68.5    ,     52.5,         0,      1648,         1,     611, -55 , -57      ,         100,          2, 1)
(677, '1C:C3:AB:B3:F2:84', 1773932014, '2026-03-19T14:53:34.686164',            6.1 , 31.5       , 52.9    ,     54.3,         0,      2021,         1,     147, -54 , -56      ,         100,          2, 1)
(678, '1C:C3:AB:B3:7F:08', 1773932021, '2026-03-19T14:53:41.642442',            6.1 , 32.7       , 65.3    ,     52.5,         0,      1658,         1,     612, -60 , -57      ,         100,          2, 1)
(679, '1C:C3:AB:B3:F2:84', 1773932024, '2026-03-19T14:53:44.914781',            6.1 , 31.5       , 52.9    ,     54.3,         0,      2021,         1,     148, -60 , -63      ,         100,          2, 1)
(680, '1C:C3:AB:B3:7F:08', 1773932031, '2026-03-19T14:53:51.775250',            6.1 , 32.7       , 62.9    ,     52.6,         0,      1670,         1,     613, -58 , -61      ,         100,          2, 1)
(681, '1C:C3:AB:B3:F2:84', 1773932034, '2026-03-19T14:53:55.154587',            6.1 , 31.5       , 52.9    ,     54.3,         0,      2022,         1,     149, -61 , -56      ,         100,          2, 1)
(682, '1C:C3:AB:B3:7F:08', 1773932041, '2026-03-19T14:54:01.431355',            6.1 , 32.7       , 60.9    ,     52.6,         0,      1679,         1,     614, -52 , -56      ,         100,          2, 1)
(683, '1C:C3:AB:B3:F2:84', 1773932044, '2026-03-19T14:54:05.291923',            6.1 , 31.5       , 52.9    ,     54.3,         0,      2023,         1,     150, -60 , -60      ,         100,          2, 1)
(684, '1C:C3:AB:B3:7F:08', 1773932051, '2026-03-19T14:54:11.583567',            6.1 , 32.7       , 59.9    ,     52.7,         0,      1683,         1,     615, -58 , -55      ,         100,          2, 1)
(685, '1C:C3:AB:B3:F2:84', 1773932054, '2026-03-19T14:54:15.448290',            6.1 , 31.5       , 52.9    ,     54.3,         0,      2023,         1,     151, -58 , -61      ,         100,          2, 1)
(686, '1C:C3:AB:B3:7F:08', 1773932061, '2026-03-19T14:54:21.690473',            6.1 , -999.0     , -999.0  ,     52.7,         0,      1689,         1,     616, -57 , -58      ,         100,          2, 1)
(687, '1C:C3:AB:B3:F2:84', 1773932064, '2026-03-19T14:54:24.761065',            6.1 , 31.5       , 52.9    ,     54.3,         0,      2023,         1,     152, -61 , -64      ,         100,          2, 1)
(688, '1C:C3:AB:B3:7F:08', 1773932071, '2026-03-19T14:54:31.834877',            6.1 , 32.7       , 57.5    ,     52.7,         0,      1695,         1,     617, -56 , -59      ,         100,          2, 1)
(689, '1C:C3:AB:B3:F2:84', 1773932074, '2026-03-19T14:54:34.803114',            6.1 , 31.5       , 52.9    ,     54.3,         0,      2024,         1,     153, -62 , -65      ,         100,          2, 1)
(690, '1C:C3:AB:B3:7F:08', 1773932081, '2026-03-19T14:54:42.362642',            6.1 , 32.7       , 56.5    ,     52.8,         0,      1701,         1,     618, -60 , -64      ,         100,          2, 1)
(691, '1C:C3:AB:B3:F2:84', 1773932084, '2026-03-19T14:54:45.436380',            6.1 , 31.5       , 52.9    ,     54.3,         0,      2025,         1,     154, -59 , -60      ,         100,          2, 1)
(692, '1C:C3:AB:B3:7F:08', 1773932091, '2026-03-19T14:54:52.329727',            6.1 , 32.7       , 55.8    ,     52.8,         0,      1706,         1,     619, -60 , -61      ,         100,          2, 1)
(693, '1C:C3:AB:B3:F2:84', 1773932094, '2026-03-19T14:54:55.200462',            6.1 , 31.5       , 52.9    ,     54.3,         0,      2026,         1,     155, -57 , -61      ,         100,          2, 1)
(694, '1C:C3:AB:B3:7F:08', 1773932101, '2026-03-19T14:55:01.982010',            6.1 , 32.7       , 55.4    ,     52.8,         0,      1709,         1,     620, -60 , -63      ,         100,          2, 1)
(695, '1C:C3:AB:B3:F2:84', 1773932104, '2026-03-19T14:55:05.208130',            6.1 , 31.5       , 52.8    ,     54.3,         0,      2030,         1,     156, -58 , -60      ,         100,          2, 1)
(696, '1C:C3:AB:B3:7F:08', 1773932111, '2026-03-19T14:55:11.866982',            6.1 , 32.7       , 54.9    ,     52.8,         0,      1712,         1,     621, -60 , -63      ,         100,          2, 1)
(697, '1C:C3:AB:B3:F2:84', 1773932114, '2026-03-19T14:55:15.642341',            6.1 , 31.5       , 52.8    ,     54.3,         0,      2028,         1,     157, -58 , -59      ,         100,          2, 1)
(698, '1C:C3:AB:B3:7F:08', 1773932121, '2026-03-19T14:55:22.809340',            6.1 , 32.7       , 54.6    ,     52.8,         0,      1712,         1,     622, -59 , -61      ,         100,          2, 1)
(699, '1C:C3:AB:B3:F2:84', 1773932125, '2026-03-19T14:55:25.676531',            6.1 , 31.5       , 52.8    ,     54.3,         0,      2027,         1,     158, -58 , -60      ,         100,          2, 1)
(700, '1C:C3:AB:B3:7F:08', 1773932131, '2026-03-19T14:55:32.522440',            6.1 , 32.7       , 54.4    ,     52.8,         0,      1716,         1,     623, -59 , -62      ,         100,          2, 1)
(701, '1C:C3:AB:B3:F2:84', 1773932135, '2026-03-19T14:55:35.221095',            6.1 , 31.5       , 52.8    ,     54.3,         0,      2032,         1,     159, -59 , -60      ,         100,          2, 1)
(702, '1C:C3:AB:B3:7F:08', 1773932141, '2026-03-19T14:55:42.088865',            6.1 , 32.7       , 54.2    ,     52.8,         0,      1717,         1,     624, -59 , -63      ,         100,          2, 1)
(703, '1C:C3:AB:B3:F2:84', 1773932145, '2026-03-19T14:55:45.849461',            6.1 , 31.5       , 52.8    ,     54.3,         0,      2027,         1,     160, -57 , -60      ,         100,          2, 1)
(704, '1C:C3:AB:B3:7F:08', 1773932151, '2026-03-19T14:55:52.915413',            6.1 , 32.7       , 54.1    ,     52.9,         0,      1720,         1,     625, -61 , -63      ,         100,          2, 1)
(705, '1C:C3:AB:B3:F2:84', 1773932155, '2026-03-19T14:55:55.886096',            6.1 , 31.5       , 52.9    ,     54.3,         0,      2027,         1,     161, -58 , -60      ,         100,          2, 1)
(706, '1C:C3:AB:B3:7F:08', 1773932162, '2026-03-19T14:56:02.748308',            6.1 , 32.8       , 53.8    ,     52.9,         0,      1721,         1,     626, -59 , -62      ,         100,          2, 1)
(707, '1C:C3:AB:B3:F2:84', 1773932165, '2026-03-19T14:56:06.124786',            6.1 , 31.5       , 52.9    ,     54.3,         0,      2029,         1,     162, -58 , -61      ,         100,          2, 1)
(708, '1C:C3:AB:B3:7F:08', 1773932172, '2026-03-19T14:56:12.679141',            6.1 , 32.7       , 53.9    ,     52.9,         0,      1725,         1,     627, -58 , -62      ,         100,          2, 1)
(709, '1C:C3:AB:B3:F2:84', 1773932175, '2026-03-19T14:56:15.479247',            6.1 , 31.4       , 53.0    ,     54.3,         0,      2028,         1,     163, -58 , -61      ,         100,          2, 1)
(710, '1C:C3:AB:B3:7F:08', 1773932182, '2026-03-19T14:56:22.333511',            6.1 , 32.7       , 53.8    ,     52.9,         0,      1726,         1,     628, -59 , -62      ,         100,          2, 1)
(711, '1C:C3:AB:B3:F2:84', 1773932185, '2026-03-19T14:56:25.825892',            6.1 , 31.4       , 53.0    ,     54.3,         0,      2030,         1,     164, -59 , -62      ,         100,          2, 1)
(712, '1C:C3:AB:B3:7F:08', 1773932192, '2026-03-19T14:56:32.856866',            6.1 , 32.8       , 53.7    ,     52.9,         0,      1727,         1,     629, -58 , -63      ,         100,          2, 1)
(713, '1C:C3:AB:B3:F2:84', 1773932195, '2026-03-19T14:56:36.131837',            6.1 , 31.5       , 53.0    ,     54.3,         0,      2030,         1,     165, -59 , -63      ,         100,          2, 1)
(714, '1C:C3:AB:B3:7F:08', 1773932202, '2026-03-19T14:56:42.999310',            6.1 , 32.8       , 53.6    ,     52.9,         0,      1727,         1,     630, -58 , -64      ,         100,          2, 1)
(715, '1C:C3:AB:B3:F2:84', 1773932205, '2026-03-19T14:56:45.676900',            6.1 , 31.4       , 53.1    ,     54.3,         0,      2030,         1,     166, -58 , -61      ,         100,          2, 1)
(716, '1C:C3:AB:B3:7F:08', 1773932212, '2026-03-19T14:56:53.338240',            6.1 , 32.8       , 53.5    ,     52.9,         0,      1728,         1,     631, -59 , -64      ,         100,          2, 1)
(717, '1C:C3:AB:B3:F2:84', 1773932215, '2026-03-19T14:56:56.302081',            6.1 , 31.4       , 53.1    ,     54.3,         0,      2031,         1,     167, -58 , -61      ,         100,          2, 1)
(718, '1C:C3:AB:B3:7F:08', 1773932222, '2026-03-19T14:57:03.162521',            6.1 , 32.8       , 53.4    ,     52.9,         0,      1729,         1,     632, -58 , -63      ,         100,          2, 1)
(719, '1C:C3:AB:B3:F2:84', 1773932225, '2026-03-19T14:57:06.246062',            6.1 , 31.4       , 53.1    ,     54.3,         0,      2030,         1,     168, -58 , -62      ,         100,          2, 1)
(720, '1C:C3:AB:B3:7F:08', 1773932232, '2026-03-19T14:57:13.100617',            6.1 , 32.8       , 53.4    ,     52.9,         0,      1730,         1,     633, -59 , -62      ,         100,          2, 1)
(721, '1C:C3:AB:B3:F2:84', 1773932235, '2026-03-19T14:57:15.873993',            6.1 , 31.4       , 53.1    ,     54.3,         0,      2032,         1,     169, -58 , -63      ,         100,          2, 1)
(722, '1C:C3:AB:B3:7F:08', 1773932242, '2026-03-19T14:57:23.336489',            6.1 , 32.8       , 53.3    ,     52.9,         0,      1731,         1,     634, -56 , -61      ,         100,          2, 1)
(723, '1C:C3:AB:B3:F2:84', 1773932245, '2026-03-19T14:57:26.426297',            6.1 , 31.4       , 53.1    ,     54.3,         0,      2031,         1,     170, -60 , -63      ,         100,          2, 1)
(724, '1C:C3:AB:B3:7F:08', 1773932252, '2026-03-19T14:57:32.771644',            6.1 , 32.8       , 53.2    ,     52.9,         0,      1734,         1,     635, -62 , -69      ,         100,          2, 1)
(725, '1C:C3:AB:B3:F2:84', 1773932255, '2026-03-19T14:57:36.546467',            6.1 , 31.4       , 53.1    ,     54.3,         0,      2032,         1,     171, -57 , -66      ,         100,          2, 1)
(726, '1C:C3:AB:B3:7F:08', 1773932262, '2026-03-19T14:57:43.713977',            6.1 , 32.8       , 53.2    ,     52.9,         0,      1731,         1,     636, -58 , -59      ,         100,          2, 1)
(727, '1C:C3:AB:B3:F2:84', 1773932265, '2026-03-19T14:57:46.316075',            6.1 , 31.4       , 53.1    ,     54.3,         0,      2032,         1,     172, -64 , -67      ,         100,          2, 1)
(728, '1C:C3:AB:B3:7F:08', 1773932272, '2026-03-19T14:57:52.885851',            6.1 , 32.8       , 53.2    ,     52.9,         0,      1723,         1,     637, -58 , -63      ,         100,          2, 1)
(729, '1C:C3:AB:B3:F2:84', 1773932275, '2026-03-19T14:57:56.095474',            6.1 , 31.4       , 53.2    ,     54.3,         0,      2032,         1,     173, -74 , -58      ,         100,          2, 1)
(730, '1C:C3:AB:B3:7F:08', 1773932282, '2026-03-19T14:58:03.477790',            6.23, 32.8       , 53.4    ,     49.8,         1,      1214,         1,     638, -50 , -52      ,         100,          2, 1)
(731, '1C:C3:AB:B3:F2:84', 1773932286, '2026-03-19T14:58:06.157948',            6.1 , 31.4       , 53.3    ,     54.3,         0,      2032,         1,     174, -58 , -58      ,         100,          2, 1)
(732, '1C:C3:AB:B3:7F:08', 1773932292, '2026-03-19T14:58:13.511467',            6.1 , 32.9       , 64.9    ,     47.3,         0,       905,         1,     639, -49 , -51      ,         100,          2, 1)
(733, '1C:C3:AB:B3:F2:84', 1773932296, '2026-03-19T14:58:16.691059',            6.1 , 31.4       , 53.4    ,     54.3,         0,      2032,         1,     175, -55 , -57      ,         100,          2, 1)
(734, '1C:C3:AB:B3:7F:08', 1773932302, '2026-03-19T14:58:23.546380',            6.23, 33.1       , 78.0    ,     48.2,         1,      1002,         1,     640, -50 , -52      ,         100,          2, 1)
(735, '1C:C3:AB:B3:F2:84', 1773932306, '2026-03-19T14:58:26.528532',            6.1 , 31.4       , 53.4    ,     54.3,         0,      2033,         1,     176, -56 , -65      ,         100,          2, 1)
(736, '1C:C3:AB:B3:7F:08', 1773932313, '2026-03-19T14:58:33.581830',            8.94, 33.3       , 86.0    ,     48.5,        25,      1039,         1,     641, -70 , -77      ,         100,          2, 1)
(737, '1C:C3:AB:B3:F2:84', 1773932316, '2026-03-19T14:58:37.684612',            6.1 , 31.4       , 53.4    ,     54.3,         0,      2032,         1,     177, -62 , -64      ,         100,          2, 1)
(738, '1C:C3:AB:B3:7F:08', 1773932323, '2026-03-19T14:58:46.391949',            7.87, 33.5       , 88.6    ,     49.9,        16,      1219,         1,     642, -68 , -62      ,         100,          2, 1)
(739, '1C:C3:AB:B3:F2:84', 1773932326, '2026-03-19T14:58:46.448331',            6.1 , 31.4       , 53.3    ,     54.3,         0,      2032,         1,     178, -62 , -64      ,         100,          2, 1)
(740, '1C:C3:AB:B3:7F:08', 1773932333, '2026-03-19T14:58:53.959512',           11.58, 33.4       , 87.5    ,     50.5,        44,      1315,         1,     643, -66 , -66      ,         100,          2, 1)
(741, '1C:C3:AB:B3:F2:84', 1773932336, '2026-03-19T14:58:56.575260',            6.1 , 31.4       , 53.2    ,     54.3,         0,      2032,         1,     179, -62 , -64      ,         100,          2, 1)
(742, '1C:C3:AB:B3:7F:08', 1773932343, '2026-03-19T14:59:03.995273',            6.1 , 33.3       , 81.1    ,     51.3,         0,      1445,         1,     644, -66 , -59      ,         100,          2, 1)
(743, '1C:C3:AB:B3:F2:84', 1773932346, '2026-03-19T14:59:06.571029',            6.1 , 31.4       , 53.2    ,     54.3,         0,      2034,         1,     180, -62 , -64      ,         100,          2, 1)
(744, '1C:C3:AB:B3:7F:08', 1773932353, '2026-03-19T14:59:14.134056',            6.1 , 33.2       , 73.1    ,     49.3,         0,      1138,         1,     645, -47 , -50      ,         100,          2, 1)
(745, '1C:C3:AB:B3:F2:84', 1773932356, '2026-03-19T14:59:17.512043',            6.1 , 31.4       , 53.3    ,     54.3,         0,      2034,         1,     181, -60 , -64      ,         100,          2, 1)
(746, '1C:C3:AB:B3:7F:08', 1773932363, '2026-03-19T14:59:23.497991',            6.1 , 33.2       , 67.7    ,     46.2,         0,       799,         1,     646, -49 , -53      ,         100,          2, 1)
(747, '1C:C3:AB:B3:F2:84', 1773932366, '2026-03-19T14:59:27.140531',            6.1 , 31.4       , 53.3    ,     54.3,         0,      2034,         1,     182, -61 , -67      ,         100,          2, 1)
(748, '1C:C3:AB:B3:7F:08', 1773932373, '2026-03-19T14:59:33.532562',            6.1 , 33.2       , 64.8    ,     44.7,         0,       676,         1,     647, -72 , -76      ,         100,          2, 1)
(749, '1C:C3:AB:B3:F2:84', 1773932376, '2026-03-19T14:59:36.762879',            6.1 , 31.4       , 53.3    ,     54.3,         0,      2034,         1,     183, -62 , -65      ,         100,          2, 1)
(750, '1C:C3:AB:B3:7F:08', 1773932383, '2026-03-19T14:59:43.645690',            6.1 , 33.3       , 61.3    ,     45.7,         0,       752,         1,     648, -59 , -64      ,         100,          2, 1)
(751, '1C:C3:AB:B3:F2:84', 1773932386, '2026-03-19T14:59:47.310302',            6.1 , 31.4       , 53.3    ,     54.3,         0,      2037,         1,     184, -63 , -66      ,         100,          2, 1)
(752, '1C:C3:AB:B3:7F:08', 1773932393, '2026-03-19T14:59:53.676223',           13.61, 33.3       , 59.9    ,     45.0,        56,       697,         1,     649, -64 , -64      ,         100,          2, 1)
(753, '1C:C3:AB:B3:F2:84', 1773932396, '2026-03-19T14:59:57.260846',            6.1 , 31.4       , 53.3    ,     54.3,         0,      2035,         1,     185, -63 , -64      ,         100,          2, 1)
(754, '1C:C3:AB:B3:7F:08', 1773932403, '2026-03-19T15:00:04.206754',            6.1 , 33.4       , 59.5    ,     47.7,         0,       947,         1,     650, -59 , -65      ,         100,          2, 1)
(755, '1C:C3:AB:B3:F2:84', 1773932406, '2026-03-19T15:00:06.986192',            6.1 , 31.4       , 53.3    ,     54.3,         0,      2037,         1,     186, -61 , -65      ,         100,          2, 1)
(756, '1C:C3:AB:B3:7F:08', 1773932413, '2026-03-19T15:00:14.252008',            6.1 , 33.4       , 57.5    ,     48.9,         0,      1088,         1,     651, -65 , -59      ,         100,          2, 1)
(757, '1C:C3:AB:B3:F2:84', 1773932416, '2026-03-19T15:00:17.613323',            6.1 , 31.4       , 53.4    ,     54.3,         0,      2036,         1,     187, -64 , -67      ,         100,          2, 1)
(758, '1C:C3:AB:B3:7F:08', 1773932423, '2026-03-19T15:00:24.011508',            6.1 , 33.4       , 56.2    ,     50.1,         0,      1247,         1,     652, -66 , -67      ,         100,          2, 1)
(759, '1C:C3:AB:B3:F2:84', 1773932426, '2026-03-19T15:00:27.758558',            6.1 , 31.4       , 53.4    ,     54.3,         0,      2037,         1,     188, -62 , -66      ,         100,          2, 1)
(760, '1C:C3:AB:B3:7F:08', 1773932433, '2026-03-19T15:00:33.927452',            6.1 , 33.4       , 55.9    ,     50.8,         0,      1360,         1,     653, -62 , -64      ,         100,          2, 1)
(761, '1C:C3:AB:B3:F2:84', 1773932437, '2026-03-19T15:00:37.896775',            6.1 , 31.4       , 53.4    ,     54.3,         0,      2038,         1,     189, -62 , -67      ,         100,          2, 1)
(762, '1C:C3:AB:B3:7F:08', 1773932443, '2026-03-19T15:00:44.564007',            6.1 , 33.4       , 57.0    ,     51.3,         0,      1440,         1,     654, -53 , -70      ,         100,          2, 1)
(763, '1C:C3:AB:B3:F2:84', 1773932447, '2026-03-19T15:00:47.240573',            6.1 , 31.4       , 53.4    ,     54.3,         0,      2037,         1,     190, -65 , -58      ,         100,          2, 1)
(764, '1C:C3:AB:B3:7F:08', 1773932453, '2026-03-19T15:00:54.103948',            8.01, 33.4       , 56.5    ,     51.2,        17,      1417,         1,     655, -63 , -54      ,         100,          2, 1)
(765, '1C:C3:AB:B3:F2:84', 1773932457, '2026-03-19T15:00:58.073740',            6.1 , 31.4       , 53.4    ,     54.3,         0,      2038,         1,     191, -69 , -68      ,         100,          2, 1)
(766, '1C:C3:AB:B3:7F:08', 1773932464, '2026-03-19T15:01:04.707758',            6.1 , 33.4       , 56.2    ,     52.2,         0,      1589,         1,     656, -50 , -56      ,         100,          2, 1)
(767, '1C:C3:AB:B3:F2:84', 1773932467, '2026-03-19T15:01:07.401224',            6.1 , 31.4       , 53.4    ,     54.3,         0,      2041,         1,     192, -60 , -64      ,         100,          2, 1)
(768, '1C:C3:AB:B3:7F:08', 1773932474, '2026-03-19T15:01:14.863100',            6.1 , 33.4       , 55.8    ,     51.8,         0,      1522,         1,     657, -49 , -52      ,         100,          2, 1)
(769, '1C:C3:AB:B3:F2:84', 1773932477, '2026-03-19T15:01:17.447394',            6.1 , 31.4       , 53.5    ,     54.3,         0,      2039,         1,     193, -67 , -69      ,         100,          2, 1)
(770, '1C:C3:AB:B3:7F:08', 1773932484, '2026-03-19T15:01:24.795856',            6.1 , 33.3       , 55.5    ,     52.1,         0,      1577,         1,     658, -60 , -57      ,         100,          2, 1)
(771, '1C:C3:AB:B3:F2:84', 1773932487, '2026-03-19T15:01:27.921205',            6.1 , 31.4       , 53.6    ,     54.3,         0,      2041,         1,     194, -67 , -83      ,         100,          2, 1)
(772, '1C:C3:AB:B3:7F:08', 1773932494, '2026-03-19T15:01:34.334896',            6.1 , 33.4       , 55.2    ,     52.1,         0,      1579,         1,     659, -53 , -59      ,         100,          2, 1)
(773, '1C:C3:AB:B3:F2:84', 1773932497, '2026-03-19T15:01:37.539238',            6.1 , 31.4       , 53.6    ,     54.3,         0,      2039,         1,     195, -65 , -67      ,         100,          2, 1)
(774, '1C:C3:AB:B3:7F:08', 1773932504, '2026-03-19T15:01:44.771943',            6.1 , 33.4       , 55.0    ,     52.1,         0,      1585,         1,     660, -56 , -57      ,         100,          2, 1)
(775, '1C:C3:AB:B3:F2:84', 1773932507, '2026-03-19T15:01:48.143193',            6.1 , -999.0     , -999.0  ,     54.4,         0,      2044,         1,     196, -71 , -69      ,         100,          2, 1)
(776, '1C:C3:AB:B3:7F:08', 1773932514, '2026-03-19T15:01:55.106652',            6.1 , 33.3       , 54.9    ,     52.2,         0,      1600,         1,     661, -55 , -58      ,         100,          2, 1)
(777, '1C:C3:AB:B3:F2:84', 1773932517, '2026-03-19T15:01:58.383364',            6.1 , 31.4       , 53.6    ,     54.3,         0,      2043,         1,     197, -68 , -66      ,         100,          2, 1)
(778, '1C:C3:AB:B3:7F:08', 1773932524, '2026-03-19T15:02:04.542343',            6.1 , 33.3       , 54.8    ,     52.3,         0,      1622,         1,     662, -59 , -61      ,         100,          2, 1)
(779, '1C:C3:AB:B3:F2:84', 1773932527, '2026-03-19T15:02:08.418851',            6.1 , 31.4       , 53.6    ,     54.3,         0,      2043,         1,     198, -57 , -59      ,         100,          2, 1)
(780, '1C:C3:AB:B3:7F:08', 1773932534, '2026-03-19T15:02:14.590626',            6.1 , 33.3       , 54.8    ,     49.9,         0,      1229,         1,     663, -58 , -57      ,         100,          2, 1)
(781, '1C:C3:AB:B3:F2:84', 1773932537, '2026-03-19T15:02:18.454401',            6.1 , 31.4       , 53.6    ,     54.4,         0,      2044,         1,     199, -62 , -60      ,         100,          2, 1)
(782, '1C:C3:AB:B3:7F:08', 1773932544, '2026-03-19T15:02:25.314613',            6.1 , 33.3       , 55.4    ,     46.8,         0,       857,         1,     664, -63 , -60      ,         100,          2, 1)
(783, '1C:C3:AB:B3:F2:84', 1773932547, '2026-03-19T15:02:28.796734',            6.1 , 31.4       , 53.6    ,     54.4,         0,      2046,         1,     200, -59 , -61      ,         100,          2, 1)
(784, '1C:C3:AB:B3:7F:08', 1773932554, '2026-03-19T15:02:35.350061',            6.1 , 33.4       , 58.4    ,     44.9,         0,       688,         1,     665, -58 , -65      ,         100,          2, 1)
(785, '1C:C3:AB:B3:F2:84', 1773932557, '2026-03-19T15:02:38.627028',            6.1 , 31.4       , 53.6    ,     54.4,         0,      2045,         1,     201, -68 , -66      ,         100,          2, 1)
(786, '1C:C3:AB:B3:7F:08', 1773932564, '2026-03-19T15:02:45.488042',            7.57, 33.4       , 59.9    ,     45.4,        14,       732,         1,     666, -64 , -57      ,         100,          2, 1)
(787, '1C:C3:AB:B3:F2:84', 1773932567, '2026-03-19T15:02:48.562294',            6.1 , 31.4       , 53.6    ,     54.4,         0,      2047,         1,     202, -64 , -63      ,         100,          2, 1)
(788, '1C:C3:AB:B3:7F:08', 1773932574, '2026-03-19T15:02:54.842637',            6.35, 33.4       , 58.4    ,     47.6,         3,       943,         1,     667, -66 , -61      ,         100,          2, 1)
(789, '1C:C3:AB:B3:F2:84', 1773932577, '2026-03-19T15:02:58.089435',            6.1 , 31.4       , 53.6    ,     54.4,         0,      2047,         1,     203, -62 , -62      ,         100,          2, 1)
(790, '1C:C3:AB:B3:7F:08', 1773932584, '2026-03-19T15:03:05.456042',            6.1 , 33.4       , 55.7    ,     49.1,         0,      1122,         1,     668, -62 , -66      ,         100,          2, 1)
(791, '1C:C3:AB:B3:F2:84', 1773932588, '2026-03-19T15:03:08.837027',            6.1 , 31.4       , 53.6    ,     54.4,         0,      2048,         1,     204, -60 , -63      ,         100,          2, 1)
(792, '1C:C3:AB:B3:7F:08', 1773932594, '2026-03-19T15:03:15.599615',            9.43, 33.4       , 55.1    ,     50.0,        28,      1244,         1,     669, -53 , -56      ,         100,          2, 1)
(793, '1C:C3:AB:B3:F2:84', 1773932598, '2026-03-19T15:03:18.768709',            6.1 , 31.4       , 53.6    ,     54.4,         0,      2047,         1,     205, -70 , -70      ,         100,          2, 1)
(794, '1C:C3:AB:B3:7F:08', 1773932604, '2026-03-19T15:03:25.735782',            9.43, 33.3       , 54.8    ,     50.6,        29,      1328,         1,     670, -59 , -56      ,         100,          2, 1)
(795, '1C:C3:AB:B3:F2:84', 1773932608, '2026-03-19T15:03:28.907737',            6.1 , 31.4       , 53.6    ,     54.4,         0,      2048,         1,     206, -53 , -66      ,         100,          2, 1)
(796, '1C:C3:AB:B3:7F:08', 1773932614, '2026-03-19T15:03:35.664147',            6.35, 33.3       , 55.3    ,     51.5,         2,      1472,         1,     671, -53 , -53      ,         100,          2, 1)
(797, '1C:C3:AB:B3:F2:84', 1773932618, '2026-03-19T15:03:38.339301',            6.1 , 31.4       , 53.6    ,     54.4,         0,      2048,         1,     207, -64 , -61      ,         100,          2, 1)
(798, '1C:C3:AB:B3:7F:08', 1773932625, '2026-03-19T15:03:45.602212',           11.2 , 33.3       , 56.4    ,     51.5,        41,      1474,         1,     672, -50 , -55      ,         100,          2, 1)
(799, '1C:C3:AB:B3:F2:84', 1773932628, '2026-03-19T15:03:49.191405',            6.1 , 31.4       , 53.6    ,     54.4,         0,      2048,         1,     208, -63 , -68      ,         100,          2, 1)
(800, '1C:C3:AB:B3:7F:08', 1773932635, '2026-03-19T15:03:55.734463',            6.35, 33.2       , 55.9    ,     51.6,         2,      1493,         1,     673, -48 , -56      ,         100,          2, 1)
(801, '1C:C3:AB:B3:F2:84', 1773932638, '2026-03-19T15:03:58.943092',            6.1 , 31.4       , 53.6    ,     54.4,         0,      2048,         1,     209, -57 , -69      ,         100,          2, 1)
(802, '1C:C3:AB:B3:7F:08', 1773932645, '2026-03-19T15:04:05.769853',           10.12, 33.1       , 55.5    ,     51.7,        34,      1506,         1,     674, -65 , -54      ,         100,          2, 1)
(803, '1C:C3:AB:B3:F2:84', 1773932648, '2026-03-19T15:04:09.149441',            6.1 , 31.4       , 53.6    ,     54.4,         0,      2048,         1,     210, -53 , -57      ,         100,          2, 1)
(804, '1C:C3:AB:B3:F2:84', 1773932658, '2026-03-19T15:04:19.082373',            6.1 , 31.4       , 53.6    ,     54.4,         0,      2048,         1,     211, -56 , -62      ,         100,          2, 1)
(805, '1C:C3:AB:B3:F2:84', 1773932668, '2026-03-19T15:04:29.219671',            6.1 , 31.4       , 53.6    ,     54.4,         0,      2048,         1,     212, -57 , -57      ,         100,          1, 1)
(806, '28:05:A5:32:43:64', 1773932721, '2026-03-19T15:05:21.853670',          161.02, 29.3       , 58.4    ,     53.1,       350,      1776,         1,       0, -65 , -58      ,         100,          1, 1)
